/catalog?f[institutional_collection_title_facet][]=World+War+II+Poster+Collection+at+Northwestern+University+Library,"4,457","2,575",0:00:47,"2,432",29.44%,23.72%,$0.00 
/catalog?f[institutional_collection_title_facet][]=World+War+II+Poster+Collection+at+Northwestern+University+Library&page=2,"1,340",729,0:00:21,21,14.29%,3.96%,$0.00 
/catalog?f[institutional_collection_title_facet][]=World+War+II+Poster+Collection+at+Northwestern+University+Library&page=3,828,548,0:00:16,6,50.00%,5.43%,$0.00 
/catalog?f[institutional_collection_title_facet][]=World+War+II+Poster+Collection+at+Northwestern+University+Library&page=4,685,440,0:00:15,9,22.22%,3.94%,$0.00 
/,676,361,0:00:56,293,28.67%,23.22%,$0.00 
/catalog?f[institutional_collection_title_facet][]=World+War+II+Poster+Collection+at+Northwestern+University+Library&per_page=100,672,267,0:00:54,49,26.53%,9.23%,$0.00 
/catalog?f[institutional_collection_title_facet][]=World+War+II+Poster+Collection+at+Northwestern+University+Library&page=5,661,407,0:00:16,6,50.00%,3.78%,$0.00 
/catalog?f[institutional_collection_title_facet][]=World+War+II+Poster+Collection+at+Northwestern+University+Library&page=6,520,325,0:00:17,14,35.71%,3.27%,$0.00 
/multiresimages/inu:dil-41913a91-037f-494b-9113-06004a8a98fb,498,437,0:01:33,55,81.82%,32.33%,$0.00 
/multiresimages/inu:dil-5f4c79ec-9f65-4e41-88aa-b4f1e128829b,444,390,0:01:13,13,46.15%,20.27%,$0.00 
/catalog?f[institutional_collection_title_facet][]=World+War+II+Poster+Collection+at+Northwestern+University+Library&page=8,348,232,0:00:16,4,75.00%,3.16%,$0.00 
/catalog?f[institutional_collection_title_facet][]=World+War+II+Poster+Collection+at+Northwestern+University+Library&page=7,341,245,0:00:15,2,0.00%,2.05%,$0.00 
/catalog?f[institutional_collection_title_facet][]=World+War+II+Poster+Collection+at+Northwestern+University+Library&page=9,339,219,0:00:14,4,0.00%,2.65%,$0.00 
/multiresimages/inu:dil-7ec10e3c-f9c5-4361-a09d-8df5b89c1c47,305,259,0:01:56,21,66.67%,28.20%,$0.00 
/multiresimages/inu:dil-97c078b0-dac4-40c3-9c13-a91665b817e6,282,258,0:01:28,17,88.24%,28.37%,$0.00 
/catalog?f[institutional_collection_title_facet][]=World+War+II+Poster+Collection+at+Northwestern+University+Library&page=2&per_page=100,270,114,0:00:39,3,0.00%,4.81%,$0.00 
/multiresimages/inu:dil-4334720b-c9d7-4c1c-82e3-75f78793dc2b,269,247,0:01:07,7,42.86%,14.87%,$0.00 
/catalog?f[institutional_collection_title_facet][]=World+War+II+Poster+Collection+at+Northwestern+University+Library&page=11,266,163,0:00:14,2,0.00%,2.63%,$0.00 
/catalog?f[institutional_collection_title_facet][]=World+War+II+Poster+Collection+at+Northwestern+University+Library&page=10,263,180,0:00:13,1,0.00%,2.28%,$0.00 
/multiresimages/inu:dil-43d30329-74e2-465b-8f66-807044944da9,236,222,0:00:51,7,57.14%,14.41%,$0.00 
/catalog?f[institutional_collection_title_facet][]=World+War+II+Poster+Collection+at+Northwestern+University+Library&page=12,207,142,0:00:19,0,0.00%,2.42%,$0.00 
/catalog?f[institutional_collection_title_facet][]=World+War+II+Poster+Collection+at+Northwestern+University+Library&page=13,185,135,0:00:18,5,80.00%,3.78%,$0.00 
/catalog?f[institutional_collection_title_facet][]=World+War+II+Poster+Collection+at+Northwestern+University+Library&page=15,184,113,0:00:13,0,0.00%,0.54%,$0.00 
/multiresimages/inu:dil-a77d6c09-ad92-4ffa-a762-ce918cdaca2e,165,126,0:04:38,70,50.00%,42.42%,$0.00 
/catalog?f[institutional_collection_title_facet][]=World+War+II+Poster+Collection+at+Northwestern+University+Library&page=14,164,119,0:00:07,2,50.00%,3.05%,$0.00 
/catalog?f[institutional_collection_title_facet][]=World+War+II+Poster+Collection+at+Northwestern+University+Library&page=19,163,115,0:00:35,31,100.00%,20.86%,$0.00 
/multiresimages/inu:dil-cafc02cf-56aa-4ed5-8cfa-d4d033c00764,161,147,0:01:13,3,33.33%,11.18%,$0.00 
/multiresimages/inu:dil-cbbf03c6-bc28-4d9a-b666-5dd035801614,161,140,0:01:42,7,71.43%,22.98%,$0.00 
/multiresimages/inu:dil-faeb3d06-a00f-423d-9193-4f1878162731,157,136,0:01:15,9,77.78%,17.83%,$0.00 
/catalog?f[institutional_collection_title_facet][]=World+War+II+Poster+Collection+at+Northwestern+University+Library&page=16,156,102,0:00:16,1,0.00%,1.28%,$0.00 
/multiresimages/inu:dil-894b79d5-71b2-435a-b598-cb2573042277,155,133,0:01:25,6,66.67%,15.48%,$0.00 
/catalog?f[institutional_collection_title_facet][]=World+War+II+Poster+Collection+at+Northwestern+University+Library&page=17,152,100,0:00:15,1,100.00%,2.63%,$0.00 
/catalog?f[institutional_collection_title_facet][]=World+War+II+Poster+Collection+at+Northwestern+University+Library&page=18,143,90,0:00:12,1,100.00%,2.80%,$0.00 
/catalog,141,94,0:00:24,5,20.00%,12.06%,$0.00 
/catalog?f[institutional_collection_title_facet][]=World+War+II+Poster+Collection+at+Northwestern+University+Library&page=3&per_page=100,137,70,0:00:49,2,0.00%,5.84%,$0.00 
/multiresimages/inu:dil-4e49c076-620e-49c8-bac4-f344b3aecf76,136,122,0:01:07,13,69.23%,25.74%,$0.00 
/catalog?f[institutional_collection_title_facet][]=World+War+II+Poster+Collection+at+Northwestern+University+Library&page=4&per_page=100,133,56,0:00:41,3,0.00%,8.27%,$0.00 
/users/sign_in,129,91,0:00:19,8,12.50%,13.18%,$0.00 
/catalog?f[institutional_collection_title_facet][]=World+War+II+Poster+Collection+at+Northwestern+University+Library&page=40,128,94,0:00:10,1,0.00%,2.34%,$0.00 
/multiresimages/inu:dil-47901c10-0bf0-4300-8607-0607d7f7f761,123,112,0:00:58,4,75.00%,18.70%,$0.00 
/multiresimages/inu:dil-a331b62b-4c4e-4c94-b15f-d99f60e9c44f,119,106,0:01:38,5,40.00%,29.41%,$0.00 
/catalog?f[institutional_collection_title_facet][]=World+War+II+Poster+Collection+at+Northwestern+University+Library&page=20,116,79,0:00:09,2,0.00%,4.31%,$0.00 
/multiresimages/inu:dil-3b4b5056-99cc-4c54-bad9-1efae6865826,111,101,0:01:59,10,40.00%,32.43%,$0.00 
/multiresimages/inu:dil-b69d425c-30fc-4a83-b67b-570304c03ae5,106,90,0:01:34,11,81.82%,34.91%,$0.00 
/catalog?f[institutional_collection_title_facet][]=World+War+II+Poster+Collection+at+Northwestern+University+Library&page=41,99,72,0:00:22,1,0.00%,5.05%,$0.00 
/multiresimages/inu:dil-917cde32-b6e7-42f6-852c-4fac975ace22,95,84,0:01:26,13,84.62%,25.26%,$0.00 
/catalog?f[institutional_collection_title_facet][]=World+War+II+Poster+Collection+at+Northwestern+University+Library&page=21,94,67,0:00:08,0,0.00%,2.13%,$0.00 
/multiresimages/inu:dil-942ad4f4-50db-40c1-a3e4-7d0484a04277,94,81,0:01:30,1,0.00%,12.77%,$0.00 
/multiresimages/inu:dil-06c13960-3a2b-4bf3-b4dc-b6c2abec6266,93,88,0:00:41,5,100.00%,20.43%,$0.00 
/catalog?f[institutional_collection_title_facet][]=World+War+II+Poster+Collection+at+Northwestern+University+Library&page=1&per_page=100,90,37,0:00:45,2,50.00%,5.56%,$0.00 
/multiresimages/inu:dil-5c31dad1-a90f-46ef-841e-3cfe4906e3ed,90,76,0:01:58,6,66.67%,18.89%,$0.00 
/catalog?f[institutional_collection_title_facet][]=World+War+II+Poster+Collection+at+Northwestern+University+Library&page=32,88,58,0:00:08,1,0.00%,3.41%,$0.00 
/catalog?f[institutional_collection_title_facet][]=World+War+II+Poster+Collection+at+Northwestern+University+Library&page=39,86,63,0:00:09,0,0.00%,0.00%,$0.00 
/catalog?f[institutional_collection_title_facet][]=World+War+II+Poster+Collection+at+Northwestern+University+Library&page=23,85,54,0:00:08,0,0.00%,0.00%,$0.00 
/multiresimages/inu:dil-e3b1d4ed-f40f-478c-bb2d-05e86fefb936,85,77,0:01:02,5,100.00%,15.29%,$0.00 
/catalog?f[institutional_collection_title_facet][]=World+War+II+Poster+Collection+at+Northwestern+University+Library&page=24,84,56,0:00:10,0,0.00%,2.38%,$0.00 
/catalog?f[institutional_collection_title_facet][]=World+War+II+Poster+Collection+at+Northwestern+University+Library&page=37,84,60,0:00:11,0,0.00%,0.00%,$0.00 
/catalog?f[institutional_collection_title_facet][]=World+War+II+Poster+Collection+at+Northwestern+University+Library&page=38,84,57,0:00:10,0,0.00%,0.00%,$0.00 
/catalog?f[institutional_collection_title_facet][]=Digital+Image+Library,83,62,0:00:33,2,50.00%,10.84%,$0.00 
/catalog?f[institutional_collection_title_facet][]=World+War+II+Poster+Collection+at+Northwestern+University+Library&page=36,83,62,0:00:19,0,0.00%,2.41%,$0.00 
/multiresimages/inu:dil-ec7b9728-3745-4beb-9fdb-563db4cce711,83,77,0:01:19,5,60.00%,15.66%,$0.00 
/multiresimages/inu:dil-532b76a4-ff53-4d7c-a422-eb35e97953d2,82,68,0:01:39,2,0.00%,10.98%,$0.00 
/multiresimages/inu:dil-8ff7cfb5-786b-4093-8fa4-4f4a505bdd29,82,75,0:01:06,3,0.00%,10.98%,$0.00 
/catalog?f[institutional_collection_title_facet][]=World+War+II+Poster+Collection+at+Northwestern+University+Library&page=22,81,63,0:00:11,0,0.00%,1.23%,$0.00 
/multiresimages/inu:dil-a665f907-86ba-4999-a20e-268f56491a27,81,77,0:00:47,2,0.00%,12.35%,$0.00 
/catalog?f[institutional_collection_title_facet][]=World+War+II+Poster+Collection+at+Northwestern+University+Library&page=33,75,58,0:00:07,1,100.00%,2.67%,$0.00 
/multiresimages/inu:dil-11e48685-ca92-461e-95a2-c833d96f869f,75,69,0:01:05,4,25.00%,22.67%,$0.00 
/catalog?f[institutional_collection_title_facet][]=World+War+II+Poster+Collection+at+Northwestern+University+Library&page=26,74,55,0:00:10,0,0.00%,0.00%,$0.00 
/catalog?f[institutional_collection_title_facet][]=World+War+II+Poster+Collection+at+Northwestern+University+Library&page=29,74,56,0:00:24,0,0.00%,1.35%,$0.00 
/multiresimages/inu:dil-d3266ad6-f4ed-4a5a-a9bd-1523c5c4e4f1,74,73,0:00:20,0,0.00%,9.46%,$0.00 
/catalog?f[institutional_collection_title_facet][]=Posters+from+the+Herskovits+Library,73,52,0:00:45,21,23.81%,24.66%,$0.00 
/multiresimages/inu:dil-b0ceeb10-95e5-4988-ad63-983772c5d860,73,66,0:01:01,6,16.67%,20.55%,$0.00 
/catalog?f[institutional_collection_title_facet][]=World+War+II+Poster+Collection+at+Northwestern+University+Library&page=27,71,50,0:00:09,0,0.00%,0.00%,$0.00 
/multiresimages/inu:dil-444e01be-8636-4e6e-8477-c2662ef68d3e,68,57,0:02:09,10,60.00%,17.65%,$0.00 
/catalog?f[institutional_collection_title_facet][]=World+War+II+Poster+Collection+at+Northwestern+University+Library&page=35,67,54,0:00:10,0,0.00%,0.00%,$0.00 
/multiresimages/inu:dil-bf2ba584-c87f-4394-aa46-c1b819ae8a3b,67,56,0:02:56,31,83.87%,56.72%,$0.00 
/multiresimages/inu:dil-ed3121a3-ff10-4666-b44f-c74b0dc1314e,67,63,0:01:26,19,89.47%,32.84%,$0.00 
/catalog?f[institutional_collection_title_facet][]=World+War+II+Poster+Collection+at+Northwestern+University+Library&page=28,66,52,0:00:11,0,0.00%,0.00%,$0.00 
/catalog?f[institutional_collection_title_facet][]=World+War+II+Poster+Collection+at+Northwestern+University+Library&page=25,65,55,0:00:15,0,0.00%,0.00%,$0.00 
/multiresimages/inu:dil-85a4b2d3-48f4-407c-8fd2-4a9d43e97038,65,63,0:00:48,2,100.00%,16.92%,$0.00 
/multiresimages/inu:dil-90ffb14b-59ef-47e7-ba8c-e0b5a99a84b9,64,56,0:01:19,3,66.67%,14.06%,$0.00 
/multiresimages/inu:dil-ba895a21-8b8d-4c93-bd99-4de52c63ea62,64,60,0:00:51,1,0.00%,10.94%,$0.00 
/catalog?f[institutional_collection_title_facet][]=World+War+II+Poster+Collection+at+Northwestern+University+Library&page=31,62,48,0:00:09,0,0.00%,1.61%,$0.00 
/multiresimages/inu:dil-f81bf817-d653-4eff-9d15-2144801d2afd,62,54,0:02:11,28,78.57%,48.39%,$0.00 
/catalog?f[institutional_collection_title_facet][]=World+War+II+Poster+Collection+at+Northwestern+University+Library&page=30,60,50,0:00:21,0,0.00%,0.00%,$0.00 
/catalog?f[institutional_collection_title_facet][]=World+War+II+Poster+Collection+at+Northwestern+University+Library&page=34,60,52,0:00:35,0,0.00%,0.00%,$0.00 
/multiresimages/inu:dil-7fa778ad-a30c-471f-8aea-943db5c54336,59,54,0:00:19,4,75.00%,8.47%,$0.00 
/catalog?_=1430243008465&f[subject_term_facet][]=South+Africa,57,40,0:01:26,36,16.67%,15.79%,$0.00 
/catalog?f[institutional_collection_title_facet][]=World+War+II+Poster+Collection+at+Northwestern+University+Library&per_page=50,57,20,0:00:34,2,0.00%,1.75%,$0.00 
/catalog?f[subject_term_facet][]=South+Africa,57,30,0:00:28,9,66.67%,12.28%,$0.00 
/multiresimages/inu:dil-62b5e2c4-8153-4922-9593-963a23bef208,57,48,0:01:48,6,83.33%,26.32%,$0.00 
/multiresimages/inu:dil-d092fd15-e175-4e74-8dda-d26a1cd40a9d,57,52,0:01:42,8,37.50%,19.30%,$0.00 
/multiresimages/inu:dil-ee3d8b60-344c-432f-8f57-2b894b2874b3,57,54,0:01:08,13,76.92%,26.32%,$0.00 
/catalog?f[institutional_collection_title_facet][]=World+War+II+Poster+Collection+at+Northwestern+University+Library&page=5&per_page=100,53,38,0:00:54,2,0.00%,16.98%,$0.00 
/multiresimages/inu:dil-8178e7d2-6863-423a-8cdf-7b9b6915cd73,53,47,0:00:29,21,66.67%,35.85%,$0.00 
/multiresimages/inu:dil-8269b041-8b05-4a61-bc86-16c48f2aec0c,52,48,0:00:26,4,100.00%,15.38%,$0.00 
/multiresimages/inu:dil-1aab6e10-cc45-4a56-93c1-00329810863e,51,48,0:00:57,6,66.67%,23.53%,$0.00 
/multiresimages/inu:dil-70cc2258-bae2-4f70-8ed3-52bb7e62c307,50,48,0:00:23,2,100.00%,26.00%,$0.00 
/multiresimages/inu:dil-3710bd69-9de1-4295-a820-ed4368838ea6,49,44,0:09:00,43,86.05%,87.76%,$0.00 
/multiresimages/inu:dil-6567261f-d4a0-4ac6-a5e0-8b3f02bcfad4,49,45,0:01:05,2,100.00%,22.45%,$0.00 
/multiresimages/inu:dil-e7bbe318-9da2-4866-8044-74bef43dabc9,49,44,0:00:54,5,80.00%,16.33%,$0.00 
/multiresimages/inu:dil-38abddcf-7d0c-4e42-8bb0-530a9c40e7c8,47,43,0:01:22,0,0.00%,10.64%,$0.00 
/catalog?utf8=âœ“&f[institutional_collection_title_facet][]=World+War+II+Poster+Collection+at+Northwestern+University+Library&q=women,46,21,0:00:43,1,0.00%,4.35%,$0.00 
/multiresimages/inu:dil-a2a6f3f7-12c0-46d0-a8bb-5706a51aded1,46,42,0:02:12,4,100.00%,17.39%,$0.00 
/multiresimages/inu:dil-b49c918b-d945-4905-ba63-f668157885e2,46,37,0:00:23,2,100.00%,6.52%,$0.00 
/multiresimages/inu:dil-35bad3af-e258-4096-bad3-9188652b5f11,45,41,0:00:47,2,50.00%,11.11%,$0.00 
/multiresimages/inu:dil-a67ca728-6429-4ef2-afb4-5e5799970977,45,40,0:01:43,3,100.00%,22.22%,$0.00 
/multiresimages/inu:dil-fe9f38bb-c9d6-4409-bd35-f234c4491844,45,39,0:01:54,3,100.00%,20.00%,$0.00 
/multiresimages/inu:dil-e9765edb-f531-46e4-8369-8f2b2febc112,44,41,0:01:32,2,100.00%,18.18%,$0.00 
/multiresimages/inu:dil-f8f98d46-ace7-46b8-9356-b596d7ad1a27,44,37,0:04:07,36,80.56%,81.82%,$0.00 
/multiresimages/inu:dil-74caf432-463b-4664-9abe-b6df9ed6a2b1,42,34,0:02:38,0,0.00%,23.81%,$0.00 
/multiresimages/inu:dil-f90f2b8a-772d-4a96-9005-8ba1bc69e3ff,42,39,0:00:43,1,100.00%,4.76%,$0.00 
/catalog?f[institutional_collection_title_facet][]=World+War+II+Poster+Collection+at+Northwestern+University+Library&page=2&per_page=50,40,19,0:00:19,2,0.00%,0.00%,$0.00 
/multiresimages/inu:dil-cef7aeb5-f656-435b-b096-767a3ca5dcb3,40,36,0:00:43,2,0.00%,2.50%,$0.00 
/catalog?utf8=âœ“&f[institutional_collection_title_facet][]=World+War+II+Poster+Collection+at+Northwestern+University+Library&q=victory+gardens,38,9,0:00:29,0,0.00%,0.00%,$0.00 
/multiresimages/inu:dil-1dd5e09e-1c87-4f55-bd8b-6ec4d151cffe,38,34,0:01:22,0,0.00%,2.63%,$0.00 
/multiresimages/inu:dil-04604335-7a45-4ff9-a14e-c68554977ed4,37,31,0:01:16,4,50.00%,16.22%,$0.00 
/multiresimages/inu:dil-765bfb10-746e-4abd-b625-d4ce3d528e9a,37,33,0:00:54,0,0.00%,2.70%,$0.00 
/multiresimages/inu:dil-acdabe1e-9c78-4351-b4e5-221aaaa3a24b,37,33,0:01:44,1,0.00%,5.41%,$0.00 
/multiresimages/inu:dil-25ffce7b-c9db-428e-b312-8d57ecdefaf8,36,35,0:01:32,9,100.00%,33.33%,$0.00 
/multiresimages/inu:dil-c9aed708-7c51-432f-8c2a-983508b7af65,36,34,0:00:39,16,87.50%,47.22%,$0.00 
/catalog?f[institutional_collection_title_facet][]=World+War+II+Poster+Collection+at+Northwestern+University+Library&page=3&per_page=50,34,17,0:00:26,0,0.00%,0.00%,$0.00 
/catalog?f[institutional_collection_title_facet][]=World+War+II+Poster+Collection+at+Northwestern+University+Library&utf8=âœ“,34,21,0:00:29,2,0.00%,2.94%,$0.00 
/multiresimages/inu:dil-19828340-69cc-421d-b77f-7151e343f5a1,34,33,0:00:15,0,0.00%,0.00%,$0.00 
/multiresimages/inu:dil-405bf933-40ff-42f7-9cf1-87378db81a6d,34,31,0:00:28,0,0.00%,11.76%,$0.00 
/multiresimages/inu:dil-a6ef32d4-eaf6-4baf-a187-10ef025019d9,34,29,0:00:32,0,0.00%,11.76%,$0.00 
/catalog?f[institutional_collection_title_facet][]=Posters+from+the+Herskovits+Library/,33,26,0:00:31,24,37.50%,30.30%,$0.00 
/multiresimages/inu:dil-bb9d5112-21b5-4a1e-b57c-c1bbc8d451de,33,28,0:03:53,16,87.50%,57.58%,$0.00 
/multiresimages/inu:dil-deada8c5-f829-4ea1-bca2-9c42af1997d4,33,31,0:00:20,6,100.00%,18.18%,$0.00 
/multiresimages/inu:dil-fa69d030-5193-42ed-85e1-cc22f70857f0,33,28,0:00:49,2,50.00%,24.24%,$0.00 
/multiresimages/inu:dil-a6c5483e-3a1e-48aa-bf2b-b73d008e9a4d,32,30,0:02:03,14,100.00%,53.12%,$0.00 
/multiresimages/inu:dil-96e6d167-5022-42e7-9de7-7f851a866f44,31,30,0:00:22,0,0.00%,3.23%,$0.00 
/multiresimages/inu:dil-f67e5998-25a2-4bdb-907d-1f974d90be9f,31,31,0:00:29,0,0.00%,9.68%,$0.00 
"/catalog?f[institutional_collection_title_facet][]=World+War+II+Poster+Collection+at+Northwestern+University+Library&f[subject_term_facet][]=War+posters,+American",30,19,0:00:18,4,25.00%,10.00%,$0.00 
/multiresimages/inu:dil-0cdd4e82-c06c-4edc-9637-859dfefa8fcd,30,26,0:00:30,2,100.00%,13.33%,$0.00 
/multiresimages/inu:dil-3ca941db-63fe-447b-aa48-ced02237c9d5,30,27,0:01:51,1,100.00%,13.33%,$0.00 
/multiresimages/inu:dil-46951aaf-c6ff-4f5e-9602-1c8fe702b382,30,27,0:01:21,4,100.00%,26.67%,$0.00 
/multiresimages/inu:dil-62ecbcb9-343c-4966-9e2f-2d209142f146,30,25,0:02:05,1,0.00%,20.00%,$0.00 
/multiresimages/inu:dil-9d4d9141-1516-4c26-944c-cc0abe2501bd,30,26,0:00:41,0,0.00%,13.33%,$0.00 
/multiresimages/inu:dil-1ba3a563-1725-4fdd-bef1-9f5dd576630a,29,24,0:00:51,1,100.00%,17.24%,$0.00 
/multiresimages/inu:dil-3dde5424-4191-46a8-b4f5-a00a0b7525eb,29,29,0:00:32,0,0.00%,6.90%,$0.00 
/multiresimages/inu:dil-69bde166-5c2e-4a5a-9d5a-e898474731a0,29,28,0:00:19,5,100.00%,20.69%,$0.00 
/multiresimages/inu:dil-894709c7-6f1e-4c4a-aad7-7e4f482f0c70,29,27,0:01:12,0,0.00%,10.34%,$0.00 
/multiresimages/inu:dil-e099b32d-f48e-42b7-9219-e95ee3884114,29,24,0:03:12,6,100.00%,37.93%,$0.00 
/multiresimages/inu:dil-e5890610-b72c-49b5-b826-6074f3902c97,29,27,0:00:44,3,33.33%,13.79%,$0.00 
/catalog?f[institutional_collection_title_facet][]=World+War+II+Poster+Collection+at+Northwestern+University+Library&page=3&q=women&utf8=âœ“,28,12,0:01:47,0,0.00%,3.57%,$0.00 
/multiresimages/inu:dil-d242ddfc-c1fd-4804-a403-68789b1821d6,28,25,0:00:43,0,0.00%,3.57%,$0.00 
/catalog?f[institutional_collection_title_facet][]=World+War+II+Poster+Collection+at+Northwestern+University+Library&page=2&q=women&utf8=âœ“,27,12,0:00:17,0,0.00%,0.00%,$0.00 
/multiresimages/inu:dil-612a23e9-155d-4cff-bd2b-1cfaa6259c5a,27,23,0:00:25,2,50.00%,22.22%,$0.00 
/multiresimages/inu:dil-9560ab5c-ae6c-4448-aec8-78b45f108e4c,27,26,0:00:20,0,0.00%,7.41%,$0.00 
/multiresimages/inu:dil-acb30ca4-bda1-4521-9585-7f9a6209c530,27,23,0:01:10,2,100.00%,22.22%,$0.00 
"/catalog?f[institutional_collection_title_facet][]=World+War+II+Poster+Collection+at+Northwestern+University+Library&f[subject_term_facet][]=World+War,+1939-1945",26,21,0:00:42,0,0.00%,11.54%,$0.00 
/catalog?utf8=âœ“,26,19,0:00:39,1,100.00%,15.38%,$0.00 
/catalog?utf8=âœ“&f[institutional_collection_title_facet][]=World+War+II+Poster+Collection+at+Northwestern+University+Library&q=war+bonds,26,7,0:01:03,0,0.00%,0.00%,$0.00 
/multiresimages/inu:dil-0f38d1e0-cd32-439e-a595-d549ccf8a5d4,26,21,0:00:59,2,100.00%,26.92%,$0.00 
/multiresimages/inu:dil-2320153a-db0f-4e9a-9b75-0b3e3106c621,26,23,0:01:52,23,86.96%,88.46%,$0.00 
/multiresimages/inu:dil-356cd140-0ef0-4695-90db-052d542a9dc2,26,23,0:01:04,1,0.00%,7.69%,$0.00 
/multiresimages/inu:dil-3ecf58ee-ebbc-4e4c-9fd8-a9c30ab79601,26,24,0:00:37,12,83.33%,46.15%,$0.00 
/multiresimages/inu:dil-a72e419f-8e53-4621-83a3-d7077d3552ca,26,26,0:00:49,15,100.00%,69.23%,$0.00 
/multiresimages/inu:dil-a8aa25e5-89f3-4c1c-91aa-5d5107d29c78,26,22,0:02:42,2,50.00%,23.08%,$0.00 
/multiresimages/inu:dil-b29bd0f8-9660-4a78-aa07-3efe6b7fd3b5,26,25,0:00:23,2,50.00%,19.23%,$0.00 
/multiresimages/inu:dil-e18c6fec-9f4a-4d74-ab36-47a69f08ad2d,26,21,0:00:49,7,42.86%,19.23%,$0.00 
/multiresimages/inu:dil-fdfcbb18-e82c-421b-9bc3-299e75832594,26,26,0:00:41,0,0.00%,7.69%,$0.00 
/multiresimages/inu:dil-3d3788cb-677e-4c9f-b21b-aeea040f7311,25,22,0:02:15,2,100.00%,20.00%,$0.00 
/multiresimages/inu:dil-4e6d5b33-ca42-4ede-9db5-6fd33df307e1,25,25,0:00:35,1,0.00%,8.00%,$0.00 
/multiresimages/inu:dil-b059cfac-9262-4dfc-95f1-06570084ece4,25,20,0:01:54,0,0.00%,12.00%,$0.00 
/multiresimages/inu:dil-d5b29221-c25f-423f-8371-4e422e90bc1d,25,23,0:00:46,7,100.00%,44.00%,$0.00 
/multiresimages/inu:dil-d93bd095-ebdf-43b8-b526-d325f2294209,25,24,0:00:29,0,0.00%,8.00%,$0.00 
/catalog?f[institutional_collection_title_facet][]=World+War+II+Poster+Collection+at+Northwestern+University+Library&per_page=10,24,3,0:00:20,0,0.00%,0.00%,$0.00 
/multiresimages/inu:dil-2cd07286-a6d9-4f5d-b9c5-30c17bb76d5e,24,17,0:00:24,0,0.00%,8.33%,$0.00 
/multiresimages/inu:dil-932f4227-68bd-41ae-8100-ef30304ae901,24,19,0:01:50,0,0.00%,12.50%,$0.00 
/multiresimages/inu:dil-b9fdd430-10dc-4729-bd64-968c151eccd9,24,20,0:00:17,3,33.33%,12.50%,$0.00 
/multiresimages/inu:dil-c0ca8563-c5f0-4394-a97c-ae2e3daef1a8,24,23,0:00:28,1,100.00%,4.17%,$0.00 
/multiresimages/inu:dil-d1a37b3a-9090-41f8-9d0a-22b6e5bd0411,24,21,0:01:06,3,66.67%,29.17%,$0.00 
/catalog?utf8=âœ“&f[institutional_collection_title_facet][]=World+War+II+Poster+Collection+at+Northwestern+University+Library&q=home,23,6,0:00:10,1,0.00%,0.00%,$0.00 
/catalog?utf8=âœ“&f[subject_term_facet][]=South+Africa&q=education,23,9,0:00:17,1,0.00%,0.00%,$0.00 
/multiresimages/inu:dil-0196559a-8812-4ef6-9d99-93c06e20d235,23,21,0:02:48,1,100.00%,26.09%,$0.00 
/multiresimages/inu:dil-27d7e97d-2276-4ba8-8403-2ee7df8aa92f,23,22,0:00:23,4,100.00%,17.39%,$0.00 
/multiresimages/inu:dil-4daf3fb6-7cd6-46c7-92f6-41211849eabc,23,21,0:00:39,2,50.00%,13.04%,$0.00 
/multiresimages/inu:dil-e42f63ec-a46a-49ab-9afb-5c697527946d,23,19,0:07:08,12,75.00%,65.22%,$0.00 
/multiresimages/inu:dil-430e3ac2-d920-43db-8d0e-855d837295e5,22,21,0:00:44,14,100.00%,68.18%,$0.00 
/multiresimages/inu:dil-d6d2640c-2a89-450f-acad-19e9f9182b12,22,18,0:00:24,4,100.00%,45.45%,$0.00 
/multiresimages/inu:dil-e133b6ea-4b1a-4c60-b486-9d825cfff8fc,22,22,0:00:13,12,100.00%,54.55%,$0.00 
/multiresimages/inu:dil-f8dd9368-259c-46c7-b085-d36e5537457a,22,19,0:01:31,2,50.00%,27.27%,$0.00 
"/catalog?f[subject_term_facet][]=World+War,+1939-1945",21,13,0:00:41,4,0.00%,4.76%,$0.00 
/multiresimages/inu:dil-1f7ab65e-3575-4d52-96f5-fd7fdfcf7b0e,21,15,0:01:15,1,100.00%,19.05%,$0.00 
/multiresimages/inu:dil-451b2e6f-5acf-4b0b-88a9-c99b2e24a3b1,21,18,0:00:35,0,0.00%,9.52%,$0.00 
/multiresimages/inu:dil-658a40fa-db42-449a-aad8-a41eb758e803,21,19,0:00:27,0,0.00%,19.05%,$0.00 
/multiresimages/inu:dil-6b67fd0a-8219-4e2d-a4a7-245b35785d75,21,20,0:01:37,1,0.00%,14.29%,$0.00 
/multiresimages/inu:dil-7cde8e13-ebb9-4e6b-ac1f-9659649b75c2,21,18,0:01:52,0,0.00%,19.05%,$0.00 
/multiresimages/inu:dil-9460c1e6-12c0-4d87-91b7-3fa8dd57da5f,21,21,0:00:10,3,100.00%,23.81%,$0.00 
/multiresimages/inu:dil-c9c1ab35-8cfe-433e-91f4-a4749367216b,21,20,0:00:49,0,0.00%,23.81%,$0.00 
/multiresimages/inu:dil-ca604a87-3606-41e8-abf8-4d52e19d8768,21,20,0:00:16,1,100.00%,9.52%,$0.00 
/multiresimages/inu:dil-daa69566-72dd-408a-b9fc-d5d13c0c483a,21,18,0:01:17,0,0.00%,9.52%,$0.00 
/catalog?f[institutional_collection_title_facet][]=World+War+II+Poster+Collection+at+Northwestern+University+Library&page=4&per_page=50,20,12,0:00:25,0,0.00%,0.00%,$0.00 
/catalog?f[institutional_collection_title_facet][]=World+War+II+Poster+Collection+at+Northwestern+University+Library&per_page=20,20,9,0:00:54,0,0.00%,0.00%,$0.00 
/catalog?utf8=âœ“&f[institutional_collection_title_facet][]=World+War+II+Poster+Collection+at+Northwestern+University+Library&q=home+front+sacrifices,20,8,0:00:39,1,0.00%,0.00%,$0.00 
/catalog?utf8=âœ“&f[institutional_collection_title_facet][]=World+War+II+Poster+Collection+at+Northwestern+University+Library&q=rationing,20,8,0:00:10,0,0.00%,5.00%,$0.00 
/multiresimages/inu:dil-20b2624a-d4bb-4985-8b1b-8941a763cec8,20,20,0:02:02,2,100.00%,30.00%,$0.00 
/multiresimages/inu:dil-4dd0f625-04d7-4bed-8dbe-cbe30ac12d81,20,19,0:00:27,0,0.00%,5.00%,$0.00 
/multiresimages/inu:dil-686d2fcc-fb13-4d3d-b0e5-afc9a899ab8a,20,20,0:01:01,3,66.67%,15.00%,$0.00 
/multiresimages/inu:dil-df75267b-644a-40a3-af91-1ead892c3017,20,14,0:00:25,0,0.00%,0.00%,$0.00 
/multiresimages/inu:dil-eca7d4a0-fd69-4ac7-bb38-2f29d7b0db2b,20,12,0:02:03,0,0.00%,10.00%,$0.00 
/multiresimages/inu:dil-ed455569-09c5-4592-8756-7d53bb160b0c,20,19,0:01:03,7,85.71%,45.00%,$0.00 
/catalog?f[institutional_collection_title_facet][]=World+War+II+Poster+Collection+at+Northwestern+University+Library&page=1&per_page=50,19,12,0:00:20,0,0.00%,0.00%,$0.00 
/catalog?utf8=âœ“&f[institutional_collection_title_facet][]=World+War+II+Poster+Collection+at+Northwestern+University+Library&q=victory+garden,19,8,0:00:11,0,0.00%,0.00%,$0.00 
/multiresimages/inu:dil-026c237b-6aa8-4c9b-8ffe-759c2e8de329,19,17,0:02:46,2,0.00%,0.00%,$0.00 
/multiresimages/inu:dil-15a7e252-776b-4ff8-a699-218d03aea710,19,17,0:00:19,0,0.00%,15.79%,$0.00 
/multiresimages/inu:dil-1e010f80-998a-499d-a03f-e78eddedd75f,19,17,0:01:08,2,50.00%,5.26%,$0.00 
/multiresimages/inu:dil-2e665c50-bc1b-443c-8879-831591a751ec,19,15,0:00:55,6,66.67%,36.84%,$0.00 
/multiresimages/inu:dil-335bc6ec-f83b-4ecd-922a-946818588c5c,19,17,0:00:28,1,100.00%,5.26%,$0.00 
/multiresimages/inu:dil-3445399c-11d1-4d22-a186-bf64e44ec4d4,19,17,0:00:55,1,100.00%,10.53%,$0.00 
/multiresimages/inu:dil-462cff28-aed8-492f-9cb3-aa1e3195c030,19,19,0:00:23,2,100.00%,10.53%,$0.00 
/multiresimages/inu:dil-7f197e2b-588a-4331-bd15-9d9b0da60bbf,19,17,0:00:36,0,0.00%,5.26%,$0.00 
/multiresimages/inu:dil-a11b4f75-7d00-45e6-a690-4a8dc13c8d07,19,18,0:00:24,1,0.00%,15.79%,$0.00 
/multiresimages/inu:dil-b0de617c-987a-4b79-a347-73e843cc07a7,19,16,0:02:03,2,50.00%,10.53%,$0.00 
/multiresimages/inu:dil-d4979afc-8e16-4b1c-8f79-418b17c6a04b,19,18,0:00:58,1,0.00%,15.79%,$0.00 
/multiresimages/inu:dil-f4105ab0-9c09-4898-8d86-14a1428c0d84,19,15,0:00:53,2,50.00%,10.53%,$0.00 
/catalog?f[subject_term_facet][]=South+Africa&q=police&utf8=âœ“,18,2,0:00:10,1,0.00%,5.56%,$0.00 
/multiresimages/inu:dil-400e6cbc-19cc-4394-a944-cd1fdeebc15d,18,18,0:03:10,1,100.00%,16.67%,$0.00 
/multiresimages/inu:dil-c8481660-5f10-47b1-a575-c29752fbc90e,18,16,0:01:38,1,100.00%,5.56%,$0.00 
/multiresimages/inu:dil-fdf8cd32-ed2f-448d-b9dc-db207138ca59,18,17,0:03:02,1,0.00%,5.56%,$0.00 
/multiresimages/inu:dil-1f7fbaf1-8759-4588-a68d-2a0e8594d19a,17,15,0:03:04,1,100.00%,29.41%,$0.00 
/multiresimages/inu:dil-6a8374e3-6160-4c45-9b6c-9b66583bf386,17,16,0:02:14,0,0.00%,5.88%,$0.00 
/multiresimages/inu:dil-6fc02a55-2767-4e9e-a2b6-c817cd6cd427,17,7,0:01:06,1,0.00%,5.88%,$0.00 
/multiresimages/inu:dil-9a3ea7b2-94ff-4543-8ad8-bcb13e32f043,17,15,0:00:14,2,100.00%,23.53%,$0.00 
/multiresimages/inu:dil-bd8d43fc-27d8-4cba-95f7-570fd7000236,17,16,0:00:21,0,0.00%,5.88%,$0.00 
/multiresimages/inu:dil-c9095d8c-0cf8-4d43-a5fa-a8f236d12a96,17,14,0:00:21,9,88.89%,58.82%,$0.00 
/multiresimages/inu:dil-e2d48e3b-fc4f-4896-b9b0-8080ef3d0356,17,8,0:01:11,0,0.00%,0.00%,$0.00 
/multiresimages/inu:dil-0282d4bb-95b2-48be-a80f-813296b860ec,16,16,0:00:51,7,85.71%,43.75%,$0.00 
/multiresimages/inu:dil-16781a88-867d-43ed-8935-bcc6f112dccf,16,13,0:00:19,1,100.00%,25.00%,$0.00 
/multiresimages/inu:dil-23b3328f-907b-4d00-bb35-928ab4d99735,16,11,0:00:19,1,100.00%,6.25%,$0.00 
/multiresimages/inu:dil-24f8ce1c-3333-41d5-accb-7d06797328bf,16,16,0:00:20,1,100.00%,25.00%,$0.00 
/multiresimages/inu:dil-40898263-c123-412d-948e-77e5618d770a,16,16,0:00:28,1,100.00%,31.25%,$0.00 
/multiresimages/inu:dil-4481ed9c-cd51-4485-b5a3-92ba6e709ce1,16,15,0:02:17,3,66.67%,31.25%,$0.00 
/multiresimages/inu:dil-45348dae-2246-44da-82d2-d828096ce886,16,15,0:01:34,11,100.00%,68.75%,$0.00 
/multiresimages/inu:dil-5e81b550-fc94-488e-89e5-96b810528a7b,16,13,0:01:34,0,0.00%,18.75%,$0.00 
/multiresimages/inu:dil-8053e801-8f46-4e0d-a16e-c87f35145eb4,16,13,0:01:45,0,0.00%,0.00%,$0.00 
/multiresimages/inu:dil-ab65b4b2-65f1-48e9-ac8f-88818e581c72,16,10,0:01:17,0,0.00%,6.25%,$0.00 
/multiresimages/inu:dil-b75977fc-ddf9-4b64-92f3-0f855228a56f,16,12,0:00:26,0,0.00%,0.00%,$0.00 
/multiresimages/inu:dil-b800f3ef-a1ea-478b-a6b4-0a199191f6e0,16,14,0:01:02,0,0.00%,12.50%,$0.00 
/multiresimages/inu:dil-dc0814b7-e902-4474-918d-6bce76477d85,16,12,0:00:58,1,100.00%,6.25%,$0.00 
/multiresimages/inu:dil-dd773aff-b3b3-465e-bb23-8ee4bc8492e2,16,15,0:01:49,0,0.00%,0.00%,$0.00 
/multiresimages/inu:dil-ee5259ae-94c9-4352-8976-0bdad2a6778e,16,13,0:01:31,1,100.00%,25.00%,$0.00 
/multiresimages/inu:dil-ee7d9c9b-cd51-42d5-b225-bcfbb079984d,16,16,0:00:15,2,50.00%,18.75%,$0.00 
/multiresimages/inu:dil-fa9757fd-2a15-480b-9166-5dffa5dfbe1b,16,16,0:00:13,0,0.00%,0.00%,$0.00 
/multiresimages/inu:dil-fb0524ef-69e8-42b2-b967-4c15eb7f306b,16,8,0:03:18,0,0.00%,25.00%,$0.00 
/catalog?_=1461430058011&f[institutional_collection_title_facet][]=World+War+II+Poster+Collection+at+Northwestern+University+Library&f[subject_term_facet][]=Defense+work&page=4,15,1,0:00:04,0,0.00%,0.00%,$0.00 
/catalog?utf8=âœ“&f[institutional_collection_title_facet][]=World+War+II+Poster+Collection+at+Northwestern+University+Library&q=factory,15,3,0:00:24,0,0.00%,0.00%,$0.00 
/catalog?utf8=âœ“&q=,15,9,0:00:22,1,100.00%,13.33%,$0.00 
/multiresimages/inu:dil-2612f49b-4bda-4e8a-8c82-66dc8025da55,15,11,0:00:57,0,0.00%,13.33%,$0.00 
/multiresimages/inu:dil-47eae64b-a8cc-4f28-94cb-6421153fc92d,15,12,0:00:25,3,100.00%,26.67%,$0.00 
/multiresimages/inu:dil-4ba06fa0-4904-4a4b-93f7-c50286282731,15,14,0:00:15,2,100.00%,13.33%,$0.00 
/multiresimages/inu:dil-51ff6c61-ad61-4b66-8207-95f7cac4848b,15,14,0:00:56,0,0.00%,6.67%,$0.00 
/multiresimages/inu:dil-62cf189c-e18f-4a54-ae24-76f53246712c,15,15,0:00:21,3,0.00%,13.33%,$0.00 
/multiresimages/inu:dil-9d7dc5a8-845d-4a5e-8797-6959d61a4fd8,15,13,0:00:20,0,0.00%,6.67%,$0.00 
/multiresimages/inu:dil-e0c016db-16df-40ab-aa58-2ff22cbb6231,15,13,0:02:56,0,0.00%,13.33%,$0.00 
/multiresimages/inu:dil-f1ed7123-b9ee-4150-b777-520eb03191cb,15,14,0:00:19,1,100.00%,20.00%,$0.00 
/catalog?_=1430243008465&f[subject_term_facet][]=South+Africa&page=6,14,7,0:00:22,0,0.00%,0.00%,$0.00 
/catalog?utf8=âœ“&f[institutional_collection_title_facet][]=World+War+II+Poster+Collection+at+Northwestern+University+Library&q=bonds,14,4,0:00:21,1,0.00%,0.00%,$0.00 
/multiresimages/inu:dil-06b7ad9f-66cc-46f5-a96a-d972b445a20e,14,14,0:00:58,0,0.00%,21.43%,$0.00 
/multiresimages/inu:dil-28b44bac-209d-42e1-9fa3-84fc9b0174e6,14,12,0:00:14,0,0.00%,14.29%,$0.00 
/multiresimages/inu:dil-3af12680-9f17-4bae-9951-550ccfb4f9dd,14,14,0:00:13,1,100.00%,14.29%,$0.00 
/multiresimages/inu:dil-44f8470f-61f6-4db3-a085-6e4ce744bb5e,14,14,0:00:18,0,0.00%,7.14%,$0.00 
/multiresimages/inu:dil-52701f95-7842-4eea-8e65-cd2f5b676b2b,14,14,0:00:12,3,100.00%,28.57%,$0.00 
/multiresimages/inu:dil-5c9fe7e0-fcc1-43d1-9f13-ec97fb1f3dca,14,11,0:04:19,2,50.00%,28.57%,$0.00 
/multiresimages/inu:dil-6b521e4e-7cd2-4da8-951a-21e23914dbf9,14,11,0:01:25,0,0.00%,7.14%,$0.00 
/multiresimages/inu:dil-9d35d0ba-a84b-4e0a-99e6-9c6b548a46db,14,12,0:00:25,2,100.00%,21.43%,$0.00 
/multiresimages/inu:dil-a5cd405b-56a2-4ca7-b1c1-e9f4721ac7fc,14,13,0:02:05,13,84.62%,85.71%,$0.00 
/multiresimages/inu:dil-b1938b29-9d42-4a70-b37a-766725083e67,14,13,0:00:48,0,0.00%,7.14%,$0.00 
/multiresimages/inu:dil-be2bbcd4-a872-413f-b81d-4e0002b617c3,14,14,0:00:27,0,0.00%,7.14%,$0.00 
/multiresimages/inu:dil-f4e7015e-8c28-487f-954f-728a5a98a1f4,14,13,0:00:57,0,0.00%,0.00%,$0.00 
/catalog?f[institutional_collection_title_facet][]=Posters+from+the+Herskovits+Library/index.html,13,11,0:00:09,11,45.45%,53.85%,$0.00 
/multiresimages/inu:dil-1b4afd1d-3ca3-43a7-bbe5-8ba6a0b73365,13,13,0:00:47,1,100.00%,7.69%,$0.00 
/multiresimages/inu:dil-2212b4ee-6010-4b50-9fb0-7f0917400b79,13,13,0:00:13,0,0.00%,7.69%,$0.00 
/multiresimages/inu:dil-339bd67d-54db-4021-9750-1fcae2ea1e86,13,8,0:00:20,1,100.00%,15.38%,$0.00 
/multiresimages/inu:dil-465225ad-f52c-4081-9059-6d5561f81d73,13,11,0:00:14,0,0.00%,7.69%,$0.00 
/multiresimages/inu:dil-6c1a9004-efdb-460d-8096-692349cacc90,13,11,0:00:34,1,100.00%,15.38%,$0.00 
/multiresimages/inu:dil-80dba9a1-7455-4eae-ac01-1ad61da25fee,13,11,0:00:12,1,100.00%,15.38%,$0.00 
/multiresimages/inu:dil-94795749-eca8-42ac-bae9-0a9ed49a7eb0,13,13,0:01:13,1,100.00%,15.38%,$0.00 
/multiresimages/inu:dil-e4e481ee-7e94-40c6-8547-45ef36409540,13,13,0:00:19,0,0.00%,0.00%,$0.00 
/multiresimages/inu:dil-e9208828-4e34-4920-9d43-835584972b68,13,10,0:00:21,1,0.00%,23.08%,$0.00 
/multiresimages/inu:dil-e9904938-3b42-4f8d-9f6e-c172939a6dbd,13,13,0:00:18,1,0.00%,7.69%,$0.00 
/catalog?_=1430243008465&f[subject_term_facet][]=South+Africa&page=7,12,7,0:00:14,1,0.00%,0.00%,$0.00 
/catalog?f[institutional_collection_title_facet][]=World+War+II+Poster+Collection+at+Northwestern+University+Library&f[subject_term_facet][]=United+States,12,6,0:00:10,0,0.00%,0.00%,$0.00 
/catalog?f[institutional_collection_title_facet][]=World+War+II+Poster+Collection+at+Northwestern+University+Library&page=2&per_page=10,12,4,0:00:11,0,0.00%,0.00%,$0.00 
/catalog?per_page=100&q=la+caricature,12,7,0:03:37,0,0.00%,25.00%,$0.00 
/catalog?utf8=âœ“&q=11734,12,6,0:00:03,3,33.33%,8.33%,$0.00 
/catalog?utf8=âœ“&q=la+caricature,12,9,0:01:42,1,0.00%,0.00%,$0.00 
/multiresimages/inu:dil-06c6ce91-69bc-4fb9-a9a2-682896988b56,12,8,0:00:31,6,66.67%,50.00%,$0.00 
/multiresimages/inu:dil-1b3ec35d-7a56-4621-8554-35098e892593,12,12,0:00:50,2,50.00%,16.67%,$0.00 
/multiresimages/inu:dil-26383429-2e1d-4c5d-b3b8-c3bf1ea191d2,12,12,0:00:17,1,100.00%,8.33%,$0.00 
/multiresimages/inu:dil-3c1c1e2a-2201-4df2-a75c-df8ca8e1c6a4,12,9,0:00:22,1,0.00%,33.33%,$0.00 
/multiresimages/inu:dil-4cb4a73b-f588-492d-aa8c-48080cadc16b,12,12,0:00:14,0,0.00%,8.33%,$0.00 
/multiresimages/inu:dil-7bf95dcc-b430-4128-a84a-8c79837a4033,12,11,0:00:29,0,0.00%,0.00%,$0.00 
/multiresimages/inu:dil-8a99de49-273b-49e6-b587-0ffa82fc47bb,12,5,0:00:18,0,0.00%,0.00%,$0.00 
/multiresimages/inu:dil-95bd3fbe-f1f8-45a9-83e4-e69a449d7d7f,12,10,0:01:54,1,100.00%,33.33%,$0.00 
/multiresimages/inu:dil-997d011e-3283-408d-a01f-eda7fe7432af,12,10,0:00:21,1,0.00%,0.00%,$0.00 
/multiresimages/inu:dil-9b904e55-ecbb-4ecc-bc3c-fdc6754e4cfc,12,11,0:01:31,4,75.00%,50.00%,$0.00 
/multiresimages/inu:dil-b09901ff-8e1a-4f7b-b167-78b87e2bec43,12,9,0:02:27,2,50.00%,25.00%,$0.00 
/multiresimages/inu:dil-bed84e00-c945-4ac5-b573-e0ecb14fab2f,12,12,0:00:31,3,66.67%,25.00%,$0.00 
/multiresimages/inu:dil-c0a59f4b-8516-4f48-8078-6793151b5a6a,12,12,0:00:15,0,0.00%,8.33%,$0.00 
/multiresimages/inu:dil-c38f67d5-719f-4553-b3c0-2245c09e0a6d,12,11,0:00:13,0,0.00%,0.00%,$0.00 
/multiresimages/inu:dil-fe2eec04-241e-43c7-b470-d4a3d0fad36a,12,12,0:00:23,0,0.00%,0.00%,$0.00 
/catalog?f[institutional_collection_title_facet][]=World+War+II+Poster+Collection+at+Northwestern+University+Library&per_page=50&utf8=âœ“,11,2,0:00:18,0,0.00%,9.09%,$0.00 
/multiresimages/inu:dil-006c72b8-f06d-4169-b0c9-c2fc3007e5ca,11,9,0:01:11,0,0.00%,18.18%,$0.00 
/multiresimages/inu:dil-04ce7992-a7b5-449f-a6e6-4f26fbf2adac,11,10,0:00:31,3,100.00%,27.27%,$0.00 
/multiresimages/inu:dil-3eb57904-65e1-4d8a-b6d6-8a8a8d425f6c,11,11,0:00:31,3,66.67%,36.36%,$0.00 
/multiresimages/inu:dil-51a1e81d-8a40-42aa-96ce-2c3fb27fa52b,11,6,0:02:43,1,0.00%,0.00%,$0.00 
/multiresimages/inu:dil-5a3bc056-f4b6-4665-b63c-bd1c5d8e7662,11,9,0:02:34,4,75.00%,36.36%,$0.00 
/multiresimages/inu:dil-67a05fd7-b19e-4bfc-93e1-7738353f0b71,11,8,0:00:44,0,0.00%,0.00%,$0.00 
/multiresimages/inu:dil-82688090-e8cf-431f-914b-f05bf66108f0,11,11,0:00:10,0,0.00%,0.00%,$0.00 
/multiresimages/inu:dil-945962b1-5b22-4a76-b21a-d8f043b70737,11,10,0:01:34,1,100.00%,9.09%,$0.00 
/multiresimages/inu:dil-aa5c72eb-8dd0-4e19-aeed-5635af92197b,11,11,0:01:04,0,0.00%,9.09%,$0.00 
/multiresimages/inu:dil-d8294d2f-3fe9-48b9-b6e8-11075d01ce03,11,9,0:01:00,2,100.00%,27.27%,$0.00 
/batches,10,7,0:03:49,2,0.00%,0.00%,$0.00 
/catalog?_=1430243008465&f[subject_term_facet][]=South+Africa&page=5,10,5,0:00:07,0,0.00%,0.00%,$0.00 
"/catalog?_=1461091903716&f[institutional_collection_title_facet][]=World+War+II+Poster+Collection+at+Northwestern+University+Library&f[subject_term_facet][]=""Don't+talk""",10,1,0:00:02,0,0.00%,0.00%,$0.00 
"/catalog?_=1461158336853&f[institutional_collection_unit_facet][]=Government+Information&f[subject_term_facet][]=World+War,+1939-1945&f[subject_term_facet][]=Food+conservation&per_page=100",10,1,0:00:06,0,0.00%,0.00%,$0.00 
"/catalog?f[institutional_collection_title_facet][]=World+War+II+Poster+Collection+at+Northwestern+University+Library&f[subject_term_facet][]=War+posters,+American&page=5",10,5,0:00:13,0,0.00%,0.00%,$0.00 
/catalog?f[institutional_collection_title_facet][]=World+War+II+Poster+Collection+at+Northwestern+University+Library&page=2&per_page=20,10,5,0:00:29,0,0.00%,0.00%,$0.00 
/catalog?f[institutional_collection_title_facet][]=World+War+II+Poster+Collection+at+Northwestern+University+Library&page=3&per_page=20,10,6,0:00:31,0,0.00%,0.00%,$0.00 
/catalog?f[subject_term_facet][]=South+Africa&utf8=âœ“,10,5,0:00:29,0,0.00%,0.00%,$0.00 
/catalog?utf8=âœ“&f[institutional_collection_title_facet][]=World+War+II+Poster+Collection+at+Northwestern+University+Library&q=african+americans,10,8,0:00:07,3,100.00%,40.00%,$0.00 
/catalog?utf8=âœ“&f[institutional_collection_title_facet][]=World+War+II+Poster+Collection+at+Northwestern+University+Library&q=pearl+harbor,10,4,0:00:04,0,0.00%,10.00%,$0.00 
/catalog?utf8=âœ“&f[subject_term_facet][]=South+Africa&q=police,10,5,0:01:40,0,0.00%,0.00%,$0.00 
/multiresimages/inu:dil-0f0a1212-a0ab-486f-9d53-195825b6881b,10,9,0:00:16,0,0.00%,10.00%,$0.00 
/multiresimages/inu:dil-113ea055-504a-43ff-87d1-3ff81df4dd23,10,10,0:00:53,0,0.00%,0.00%,$0.00 
/multiresimages/inu:dil-150551c1-3d1e-45dc-8772-da1aa39743be,10,10,0:00:25,1,0.00%,20.00%,$0.00 
/multiresimages/inu:dil-1b5e0713-b8d1-434b-92a5-f1d984d8c341,10,8,0:00:17,0,0.00%,0.00%,$0.00 
/multiresimages/inu:dil-1c0b22b0-6b95-4113-b661-905eb9874d96,10,10,0:00:44,1,0.00%,0.00%,$0.00 
/multiresimages/inu:dil-30470456-74c0-48bc-ba32-4131cbc07a03,10,10,0:01:48,0,0.00%,0.00%,$0.00 
/multiresimages/inu:dil-36681003-b2ed-4336-a102-001e99f50587,10,10,0:00:10,5,100.00%,50.00%,$0.00 
/multiresimages/inu:dil-37a80b8f-1282-4c12-8369-dc6846014494,10,9,0:01:40,0,0.00%,0.00%,$0.00 
/multiresimages/inu:dil-3a7601be-4d2d-482f-accd-f4357f2e188a,10,10,0:00:18,3,100.00%,50.00%,$0.00 
/multiresimages/inu:dil-4d5f2160-973b-46f3-938c-3310031e8816,10,10,0:00:38,2,100.00%,30.00%,$0.00 
/multiresimages/inu:dil-579ecc39-6a58-44b4-b20b-6dcc60e7d526,10,10,0:00:10,0,0.00%,0.00%,$0.00 
/multiresimages/inu:dil-74f5ff2c-94e2-4980-92d4-3253cae3d111,10,9,0:00:17,0,0.00%,10.00%,$0.00 
/multiresimages/inu:dil-828352c5-124c-486d-9e4a-f0c8322b8f8a,10,9,0:01:54,1,0.00%,0.00%,$0.00 
/multiresimages/inu:dil-82c10cbb-06d2-4122-8fb1-4752bae7817a,10,10,0:04:22,6,100.00%,70.00%,$0.00 
/multiresimages/inu:dil-833cbbc7-866a-4777-a5d5-90f3b4bd4a01,10,9,0:02:17,1,100.00%,20.00%,$0.00 
/multiresimages/inu:dil-8690cb13-dcc3-4e8b-bf53-af818d8ad078,10,10,0:00:00,10,100.00%,100.00%,$0.00 
/multiresimages/inu:dil-959c4b8a-133f-4a9f-ba51-a52e1bdb51ed,10,9,0:01:31,0,0.00%,0.00%,$0.00 
/multiresimages/inu:dil-c4229910-ece1-4031-bd10-84814d8ee0f5,10,9,0:00:55,0,0.00%,10.00%,$0.00 
/multiresimages/inu:dil-d2f7e617-cde2-4759-a2d2-b9988cc27498,10,10,0:00:08,0,0.00%,0.00%,$0.00 
/multiresimages/inu:dil-e897969c-cdb4-41a3-bb83-9d5e90cc8355,10,8,0:02:56,0,0.00%,10.00%,$0.00 
/catalog?_=1430243008465&f[subject_term_facet][]=South+Africa&page=9,9,4,0:00:25,0,0.00%,0.00%,$0.00 
/catalog?_=1430243008465&f[subject_term_facet][]=South+Africa&per_page=100,9,5,0:01:00,1,0.00%,11.11%,$0.00 
/catalog?_=1462287338754&f[institutional_collection_title_facet][]=World+War+II+Poster+Collection+at+Northwestern+University+Library&f[subject_term_facet][]=Public+health&page=2,9,1,0:00:14,0,0.00%,0.00%,$0.00 
/catalog?_=1462929334228&f[subject_term_facet][]=South+Africa&page=4,9,1,0:01:24,0,0.00%,0.00%,$0.00 
/catalog?f[institutional_collection_title_facet][]=Posters+from+the+Herskovits+Library&page=2,9,4,0:00:06,0,0.00%,0.00%,$0.00 
"/catalog?f[institutional_collection_title_facet][]=World+War+II+Poster+Collection+at+Northwestern+University+Library&page=2&sort=date_dil+asc,+title_dil+asc",9,5,0:01:43,0,0.00%,0.00%,$0.00 
/catalog?f[institutional_collection_title_facet][]=World+War+II+Poster+Collection+at+Northwestern+University+Library&page=5&per_page=20,9,6,0:00:14,1,100.00%,11.11%,$0.00 
/catalog?f[institutional_collection_title_facet][]=World+War+II+Poster+Collection+at+Northwestern+University+Library&page=6&per_page=20,9,4,0:00:16,1,0.00%,0.00%,$0.00 
/catalog?f[institutional_collection_title_facet][]=World+War+II+Poster+Collection+at+Northwestern+University+Library&page=9&per_page=20,9,4,0:00:09,0,0.00%,0.00%,$0.00 
/catalog?f[subject_term_facet][]=South+Africa&page=2,9,5,0:00:09,0,0.00%,0.00%,$0.00 
/catalog?page=2&q=family&utf8=âœ“,9,1,0:00:04,0,0.00%,0.00%,$0.00 
"/catalog?utf8=âœ“&_=1461707597120&f[subject_term_facet][]=War+posters,+American&q=civil",9,1,0:00:05,0,0.00%,0.00%,$0.00 
/catalog?utf8=âœ“&f[institutional_collection_title_facet][]=World+War+II+Poster+Collection+at+Northwestern+University+Library&q=black,9,6,0:00:12,0,0.00%,0.00%,$0.00 
/catalog?utf8=âœ“&f[institutional_collection_title_facet][]=World+War+II+Poster+Collection+at+Northwestern+University+Library&q=food+rationing,9,4,0:00:05,0,0.00%,0.00%,$0.00 
/catalog?utf8=âœ“&f[institutional_collection_title_facet][]=World+War+II+Poster+Collection+at+Northwestern+University+Library&q=ration,9,1,0:00:09,0,0.00%,0.00%,$0.00 
/catalog?utf8=âœ“&f[institutional_collection_title_facet][]=World+War+II+Poster+Collection+at+Northwestern+University+Library&q=rubber,9,2,0:00:03,0,0.00%,0.00%,$0.00 
/catalog?utf8=âœ“&f[institutional_collection_title_facet][]=World+War+II+Poster+Collection+at+Northwestern+University+Library&q=scrap,9,3,0:00:07,0,0.00%,0.00%,$0.00 
/catalog?utf8=âœ“&f[institutional_collection_title_facet][]=World+War+II+Poster+Collection+at+Northwestern+University+Library&q=scrap+metal,9,4,0:00:27,0,0.00%,0.00%,$0.00 
/catalog?utf8=âœ“&f[institutional_collection_title_facet][]=World+War+II+Poster+Collection+at+Northwestern+University+Library&q=Women,9,5,0:00:14,1,100.00%,33.33%,$0.00 
"/catalog?utf8=âœ“&q=""Study+Photographs,+Department+of+Theatre.+Linda+Roethke.â€ù",9,7,0:01:49,2,50.00%,22.22%,$0.00 
/catalog?utf8=âœ“&q=police,9,1,0:00:08,0,0.00%,0.00%,$0.00 
/multiresimages/inu:dil-09a6ba06-9056-4292-9a36-47b4b836414a,9,9,0:00:08,4,100.00%,44.44%,$0.00 
/multiresimages/inu:dil-0d672d62-d082-467f-aa9e-f7ea476d2f61,9,9,0:00:17,0,0.00%,0.00%,$0.00 
/multiresimages/inu:dil-18478cf7-da79-41e2-8107-f70479343058,9,9,0:00:08,0,0.00%,11.11%,$0.00 
/multiresimages/inu:dil-2fdd5280-4651-4efc-9120-9ef3c39b414d,9,9,0:00:11,2,100.00%,22.22%,$0.00 
/multiresimages/inu:dil-3a83fd87-f4e2-4904-91f7-d860e1d9588c,9,7,0:00:58,0,0.00%,0.00%,$0.00 
/multiresimages/inu:dil-58db9edd-081a-41ab-ac59-e09d74a7aa22,9,9,0:00:23,1,0.00%,11.11%,$0.00 
/multiresimages/inu:dil-5f91ad3a-8600-4928-a3ff-9d7d570dbbfd,9,7,0:00:17,0,0.00%,0.00%,$0.00 
/multiresimages/inu:dil-631210eb-7b25-43fc-a6c9-4f87383099d6,9,8,0:00:34,1,0.00%,11.11%,$0.00 
/multiresimages/inu:dil-63598d0c-a68b-4440-b105-a8feae720490,9,7,0:05:31,0,0.00%,22.22%,$0.00 
/multiresimages/inu:dil-85e2756c-8e5d-4fcc-b4db-ae5918800c97,9,8,0:00:45,0,0.00%,0.00%,$0.00 
/multiresimages/inu:dil-8e36bd92-2ee3-40af-8a8c-8cbcddf73ea1,9,9,0:05:06,0,0.00%,11.11%,$0.00 
/multiresimages/inu:dil-a82d4c0f-f563-45ce-bdde-fcc6245fbd77,9,9,0:00:14,0,0.00%,0.00%,$0.00 
/multiresimages/inu:dil-c9450b9c-9617-4172-aece-e49c7972ccf8,9,9,0:00:19,0,0.00%,0.00%,$0.00 
/multiresimages/inu:dil-d29c0a15-1b6b-482f-a1f0-53568f4d0146,9,8,0:02:55,2,50.00%,22.22%,$0.00 
/multiresimages/inu:dil-d53c4931-c4ab-495f-af94-fac0a45205f0,9,7,0:02:21,2,50.00%,22.22%,$0.00 
/multiresimages/inu:dil-db1244ea-a67f-4105-9e28-2ed523c9ac5c,9,8,0:01:08,1,100.00%,11.11%,$0.00 
/multiresimages/inu:dil-e30754b7-39f7-4041-903e-08a96bc0ae15,9,7,0:04:02,0,0.00%,11.11%,$0.00 
/multiresimages/inu:dil-e370564c-304c-475c-80fb-9f0eec81c080,9,7,0:00:19,1,0.00%,22.22%,$0.00 
/multiresimages/inu:dil-f53aee7c-64ad-4ccb-adf7-d2af31360f3b,9,9,0:00:20,1,100.00%,11.11%,$0.00 
/multiresimages/inu:dil-fc07227f-830c-489a-9a5f-109ed0e07da1,9,8,0:00:25,0,0.00%,0.00%,$0.00 
/multiresimages/inu:dil-fea188df-1df2-4fd8-bb18-3daceae3a8da,9,6,0:00:13,0,0.00%,0.00%,$0.00 
/catalog?_=1430243008465&f[subject_term_facet][]=South+Africa&page=4,8,6,0:00:24,0,0.00%,0.00%,$0.00 
/catalog?_=1461430058011&f[institutional_collection_title_facet][]=World+War+II+Poster+Collection+at+Northwestern+University+Library&f[subject_term_facet][]=Defense+work&page=3,8,1,0:00:04,0,0.00%,0.00%,$0.00 
"/catalog?f[institutional_collection_title_facet][]=World+War+II+Poster+Collection+at+Northwestern+University+Library&f[subject_term_facet][]=World+War,+1939-1945&page=2",8,4,0:00:08,0,0.00%,0.00%,$0.00 
/catalog?f[institutional_collection_title_facet][]=World+War+II+Poster+Collection+at+Northwestern+University+Library&page=2&q=home&utf8=âœ“,8,3,0:00:08,0,0.00%,0.00%,$0.00 
/catalog?f[institutional_collection_title_facet][]=World+War+II+Poster+Collection+at+Northwestern+University+Library&page=3&q=home&utf8=âœ“,8,3,0:00:08,0,0.00%,0.00%,$0.00 
/catalog?f[institutional_collection_title_facet][]=World+War+II+Poster+Collection+at+Northwestern+University+Library&page=4&per_page=20,8,7,0:00:11,0,0.00%,12.50%,$0.00 
/catalog?f[institutional_collection_title_facet][]=World+War+II+Poster+Collection+at+Northwestern+University+Library&page=5&per_page=50,8,6,0:00:12,0,0.00%,0.00%,$0.00 
/catalog?f[institutional_collection_title_facet][]=World+War+II+Poster+Collection+at+Northwestern+University+Library&page=6&per_page=50,8,6,0:00:18,0,0.00%,0.00%,$0.00 
"/catalog?f[institutional_collection_title_facet][]=World+War+II+Poster+Collection+at+Northwestern+University+Library&sort=date_dil+asc,+title_dil+asc",8,7,0:00:14,0,0.00%,12.50%,$0.00 
/catalog?f[subject_term_facet][]=South+Africa&page=3,8,5,0:01:25,0,0.00%,0.00%,$0.00 
/catalog?utf8=âœ“&f[institutional_collection_title_facet][]=World+War+II+Poster+Collection+at+Northwestern+University+Library&q=cars,8,2,0:00:05,0,0.00%,0.00%,$0.00 
/catalog?utf8=âœ“&f[institutional_collection_title_facet][]=World+War+II+Poster+Collection+at+Northwestern+University+Library&q=sacrifice,8,5,0:00:24,0,0.00%,0.00%,$0.00 
/catalog?utf8=âœ“&per_page=50&q=Japanese++,8,1,0:00:06,0,0.00%,0.00%,$0.00 
/catalog?utf8=âœ“&q=hamid+naficy,8,5,0:00:17,1,0.00%,12.50%,$0.00 
/multiresimages/inu:dil-0098c930-21a8-4c29-8ddc-09e13c333892,8,6,0:01:55,0,0.00%,12.50%,$0.00 
/multiresimages/inu:dil-02b8a876-143f-4ade-b727-0722fd5e1d64,8,8,0:00:07,0,0.00%,0.00%,$0.00 
/multiresimages/inu:dil-22743f07-c559-4676-8b0f-5b3dc99f8f57,8,8,0:00:12,0,0.00%,0.00%,$0.00 
/multiresimages/inu:dil-57437d05-cc0d-43a0-82ba-98dfca1c805a,8,8,0:00:00,8,100.00%,100.00%,$0.00 
/multiresimages/inu:dil-656500e5-16ca-4417-9500-0e9c3b930ef7,8,7,0:00:14,0,0.00%,37.50%,$0.00 
/multiresimages/inu:dil-65cb62ef-6d19-4367-80c3-a9c56dfa065b,8,8,0:00:13,0,0.00%,0.00%,$0.00 
/multiresimages/inu:dil-742ef55b-80f8-4c93-9605-c32ccf536cf5,8,7,0:00:13,0,0.00%,0.00%,$0.00 
/multiresimages/inu:dil-88a299bb-ad67-42a2-ad38-5e4ff161f8f8,8,8,0:00:36,0,0.00%,0.00%,$0.00 
/multiresimages/inu:dil-90706cf6-4197-4aef-b782-537137f2e568,8,7,0:03:21,1,100.00%,12.50%,$0.00 
/multiresimages/inu:dil-94fcbd93-6dde-42e1-9c9a-786cfbc6305e,8,8,0:00:19,0,0.00%,50.00%,$0.00 
/multiresimages/inu:dil-a50204b0-d33f-4531-b46d-1680dd183117,8,7,0:01:22,1,0.00%,12.50%,$0.00 
/multiresimages/inu:dil-ab7cabbc-9884-45bd-9cdf-fcdf6f5f3553,8,8,0:00:29,0,0.00%,0.00%,$0.00 
/multiresimages/inu:dil-b4cfb0b7-a17b-4644-ad16-631161ad9e8c,8,6,0:00:35,0,0.00%,0.00%,$0.00 
/multiresimages/inu:dil-b6239f4b-95d5-4e23-bff1-7ff833c2b9f8,8,8,0:00:09,0,0.00%,25.00%,$0.00 
/multiresimages/inu:dil-c6eef7c6-72e7-417e-86e2-9a288b7a857b,8,8,0:00:26,0,0.00%,0.00%,$0.00 
/multiresimages/inu:dil-d0d57738-47a0-451b-87fc-02f533f369eb,8,8,0:00:38,0,0.00%,0.00%,$0.00 
/multiresimages/inu:dil-d9bbda9d-7ddc-4352-b837-c3d6b0d9c7eb,8,7,0:00:09,0,0.00%,0.00%,$0.00 
/multiresimages/inu:dil-e4456fe4-711a-4bcf-974e-debf6aad70c2,8,6,0:03:47,0,0.00%,12.50%,$0.00 
/multiresimages/inu:dil-e75440ad-fe21-4226-b284-6e09c81b4429,8,8,0:00:22,2,100.00%,50.00%,$0.00 
/multiresimages/inu:dil-ee176895-f910-41c1-b7e7-412f7c70cd3a,8,7,0:02:09,0,0.00%,0.00%,$0.00 
/catalog?_=1430243008465&f[subject_term_facet][]=South+Africa&page=3,7,5,0:00:13,1,0.00%,0.00%,$0.00 
/catalog?_=1460996104367&f[institutional_collection_title_facet][]=World+War+II+Poster+Collection+at+Northwestern+University+Library&f[subject_term_facet][]=Food+conservation,7,1,0:00:08,0,0.00%,0.00%,$0.00 
/catalog?_=1460996104367&f[institutional_collection_title_facet][]=World+War+II+Poster+Collection+at+Northwestern+University+Library&f[subject_term_facet][]=Food+conservation&page=2,7,1,0:00:14,0,0.00%,0.00%,$0.00 
"/catalog?_=1461091903716&f[institutional_collection_title_facet][]=World+War+II+Poster+Collection+at+Northwestern+University+Library&f[subject_term_facet][]=""Don't+talk""&page=2",7,1,0:00:03,0,0.00%,0.00%,$0.00 
/catalog?_=1461686245029&f[institutional_collection_title_facet][]=World+War+II+Poster+Collection+at+Northwestern+University+Library&f[subject_term_facet][]=Patriotism,7,1,0:00:04,0,0.00%,0.00%,$0.00 
/catalog?_=1461686690771&f[institutional_collection_title_facet][]=World+War+II+Poster+Collection+at+Northwestern+University+Library&f[subject_term_facet][]=Transportation,7,1,0:00:04,0,0.00%,0.00%,$0.00 
"/catalog?_=1462284425415&f[institutional_collection_title_facet][]=World+War+II+Poster+Collection+at+Northwestern+University+Library&f[subject_term_facet][]=Propaganda,+Anti-German",7,1,0:00:06,0,0.00%,0.00%,$0.00 
/catalog?_=1462287521851&f[institutional_collection_title_facet][]=World+War+II+Poster+Collection+at+Northwestern+University+Library&f[subject_term_facet][]=Recruiting,7,1,0:00:19,0,0.00%,14.29%,$0.00 
"/catalog?_=1462844510115&f[subject_term_facet][]=South+Africa&f[subject_term_facet][]=Soweto+Uprising,+1976&q=soweto+uprising",7,4,0:02:48,1,0.00%,28.57%,$0.00 
/catalog?_=1462929334228&f[subject_term_facet][]=South+Africa&page=2,7,1,0:00:44,0,0.00%,0.00%,$0.00 
/catalog?_=1462934694867&f[subject_term_facet][]=South+Africa&f[subject_term_facet][]=South+Africa+under+apartheid&page=8,7,1,0:00:30,0,0.00%,0.00%,$0.00 
/catalog?f[institutional_collection_title_facet][]=Posters+from+the+Herskovits+Library&f[subject_term_facet][]=South+Africa,7,5,0:00:36,0,0.00%,0.00%,$0.00 
/catalog?f[institutional_collection_title_facet][]=Posters+from+the+Herskovits+Library&f[subject_term_facet][]=South+Africa&page=3,7,2,0:02:26,0,0.00%,0.00%,$0.00 
/catalog?f[institutional_collection_title_facet][]=World+War+II+Poster+Collection+at+Northwestern+University+Library&f[subject_term_facet][]=United+States&page=2,7,3,0:00:06,0,0.00%,14.29%,$0.00 
"/catalog?f[institutional_collection_title_facet][]=World+War+II+Poster+Collection+at+Northwestern+University+Library&f[subject_term_facet][]=War+posters,+American&page=10",7,5,0:00:54,0,0.00%,0.00%,$0.00 
"/catalog?f[institutional_collection_title_facet][]=World+War+II+Poster+Collection+at+Northwestern+University+Library&f[subject_term_facet][]=War+posters,+American&page=2",7,7,0:00:24,1,100.00%,42.86%,$0.00 
"/catalog?f[institutional_collection_title_facet][]=World+War+II+Poster+Collection+at+Northwestern+University+Library&f[subject_term_facet][]=War+posters,+American&page=6",7,6,0:00:15,0,0.00%,0.00%,$0.00 
"/catalog?f[institutional_collection_title_facet][]=World+War+II+Poster+Collection+at+Northwestern+University+Library&f[subject_term_facet][]=War+posters,+American&page=9",7,5,0:00:19,0,0.00%,0.00%,$0.00 
"/catalog?f[institutional_collection_title_facet][]=World+War+II+Poster+Collection+at+Northwestern+University+Library&f[subject_term_facet][]=World+War,+1939-1945&page=6",7,3,0:00:06,0,0.00%,0.00%,$0.00 
/catalog?f[institutional_collection_title_facet][]=World+War+II+Poster+Collection+at+Northwestern+University+Library&page=3&per_page=10,7,4,0:01:51,0,0.00%,0.00%,$0.00 
/catalog?f[institutional_collection_title_facet][]=World+War+II+Poster+Collection+at+Northwestern+University+Library&page=4&q=home&utf8=âœ“,7,3,0:00:06,0,0.00%,0.00%,$0.00 
/catalog?f[institutional_collection_title_facet][]=World+War+II+Poster+Collection+at+Northwestern+University+Library&page=7&q=home&utf8=âœ“,7,1,0:00:04,0,0.00%,0.00%,$0.00 
/catalog?f[stylePeriod_facet][]=Italian+Renaissance-Baroque+styles,7,3,0:03:26,0,0.00%,0.00%,$0.00 
/catalog?f[subject_term_facet][]=South+Africa&page=2&q=police&utf8=âœ“,7,4,0:00:18,0,0.00%,0.00%,$0.00 
/catalog?f[subject_term_facet][]=South+Africa&per_page=100,7,3,0:00:41,0,0.00%,0.00%,$0.00 
/catalog?per_page=100,7,5,0:00:11,0,0.00%,0.00%,$0.00 
/catalog?utf8=âœ“&f[institutional_collection_title_facet][]=World+War+II+Poster+Collection+at+Northwestern+University+Library&q=civil,7,1,0:00:07,0,0.00%,0.00%,$0.00 
/catalog?utf8=âœ“&f[institutional_collection_title_facet][]=World+War+II+Poster+Collection+at+Northwestern+University+Library&q=gas,7,3,0:00:06,0,0.00%,0.00%,$0.00 
/catalog?utf8=âœ“&f[subject_term_facet][]=South+Africa&per_page=50&q=education,7,3,0:00:23,0,0.00%,0.00%,$0.00 
/multiresimages/inu:dil-0c30877e-e838-434e-902d-a106bbd1bb9d,7,6,0:01:41,2,100.00%,28.57%,$0.00 
/multiresimages/inu:dil-145c87fc-6b56-48c5-93d6-e4f78e6f6f38,7,6,0:00:11,0,0.00%,0.00%,$0.00 
/multiresimages/inu:dil-1d3cb537-4a77-41f4-bccb-4d29450c1d44,7,6,0:02:26,0,0.00%,0.00%,$0.00 
/multiresimages/inu:dil-2ea752d8-8192-4046-a008-f30bf9a250d3,7,5,0:03:13,3,66.67%,42.86%,$0.00 
/multiresimages/inu:dil-36476ffb-a35a-431d-97eb-31f3b363f0ab,7,7,0:00:42,1,100.00%,28.57%,$0.00 
/multiresimages/inu:dil-36db69f5-213f-4078-a121-4b7dcd02df2d,7,6,0:04:41,0,0.00%,0.00%,$0.00 
/multiresimages/inu:dil-4481ed9c-cd51-4485-b5a3-,7,7,0:00:00,6,100.00%,100.00%,$0.00 
/multiresimages/inu:dil-472ddbdf-b3e8-42b7-99d3-2d2be0e07e53,7,6,0:00:08,0,0.00%,0.00%,$0.00 
/multiresimages/inu:dil-477aacea-b55e-4116-8e80-8c27f5595ae6,7,6,0:00:09,0,0.00%,0.00%,$0.00 
/multiresimages/inu:dil-48537215-4405-45e3-886c-29675997a041,7,7,0:00:00,0,0.00%,100.00%,$0.00 
/multiresimages/inu:dil-58c7827c-eb77-44a5-aba0-886e534d1de8,7,7,0:00:38,0,0.00%,0.00%,$0.00 
/multiresimages/inu:dil-767294c3-23b1-4e2b-93a0-c87231cc0a73,7,7,0:00:35,1,100.00%,42.86%,$0.00 
/multiresimages/inu:dil-7880f006-2731-42ff-abf2-02d7d07b5789,7,7,0:00:19,0,0.00%,0.00%,$0.00 
/multiresimages/inu:dil-80e4b437-94a5-4da4-836f-4c1d2e30b58c,7,7,0:00:16,1,100.00%,14.29%,$0.00 
/multiresimages/inu:dil-82fefb72-abff-4253-86a3-26c2529e6755,7,6,0:00:28,1,0.00%,28.57%,$0.00 
/multiresimages/inu:dil-8814a27f-7a36-464b-b192-72ba55ed48d8,7,7,0:02:21,2,100.00%,28.57%,$0.00 
/multiresimages/inu:dil-caf452de-057d-48bd-ab27-f070e48417d9,7,7,0:00:28,0,0.00%,0.00%,$0.00 
/multiresimages/inu:dil-e29eb5e9-4016-4fe3-b88d-805ccfc1baf3,7,7,0:00:24,0,0.00%,0.00%,$0.00 
/multiresimages/inu:dil-e69ff304-8c56-4fa5-a9db-4868f0edd18d,7,4,0:00:26,0,0.00%,0.00%,$0.00 
/multiresimages/inu:dil-e7c28754-8e04-4434-9d0d-ccb854c18255,7,7,0:00:10,0,0.00%,0.00%,$0.00 
/multiresimages/inu:dil-e8e96c55-858f-4db6-aeec-21b9c2ea5955,7,7,0:00:38,0,0.00%,14.29%,$0.00 
/multiresimages/inu:dil-f8670d9d-1769-4b65-97c2-16f74b2fca57,7,7,0:03:07,0,0.00%,14.29%,$0.00 
/catalog?_=1430243008465&f[subject_term_facet][]=South+Africa&f[subject_term_facet][]=Posters,6,4,0:00:12,0,0.00%,0.00%,$0.00 
"/catalog?_=1461160546099&f[subject_term_facet][]=World+War,+1939-1945&f[subject_term_facet][]=""Don't+talk""&per_page=100",6,1,0:00:08,0,0.00%,16.67%,$0.00 
"/catalog?_=1461171593473&f[subject_term_facet][]=World+War,+1939-1945&f[subject_term_facet][]=War+bonds&per_page=100",6,2,0:00:10,1,100.00%,33.33%,$0.00 
/catalog?_=1461430058011&f[institutional_collection_title_facet][]=World+War+II+Poster+Collection+at+Northwestern+University+Library&f[subject_term_facet][]=Defense+work&page=5,6,1,0:00:04,0,0.00%,0.00%,$0.00 
/catalog?_=1461686154592&f[institutional_collection_title_facet][]=World+War+II+Poster+Collection+at+Northwestern+University+Library&f[subject_term_facet][]=Liberty,6,1,0:00:04,0,0.00%,0.00%,$0.00 
/catalog?_=1461686805442&f[institutional_collection_title_facet][]=World+War+II+Poster+Collection+at+Northwestern+University+Library&f[subject_term_facet][]=Recruiting,6,1,0:00:04,0,0.00%,0.00%,$0.00 
/catalog?_=1461765417532&f[institutional_collection_title_facet][]=World+War+II+Poster+Collection+at+Northwestern+University+Library&f[subject_term_facet][]=Conserve+materials+for+the+war+effort,6,1,0:00:11,0,0.00%,0.00%,$0.00 
/catalog?_=1461979881535&f[institutional_collection_title_facet][]=World+War+II+Poster+Collection+at+Northwestern+University+Library&f[subject_term_facet][]=Home+efforts&page=2,6,1,0:00:08,0,0.00%,0.00%,$0.00 
"/catalog?_=1462932711075&f[institutional_collection_title_facet][]=World+War+II+Poster+Collection+at+Northwestern+University+Library&f[subject_term_facet][]=World+War,+1939-1945&f[subject_term_facet][]=War+posters,+American&page=2",6,2,0:00:05,1,0.00%,0.00%,$0.00 
/catalog?f[agent_name_facet][]=United+States.+Office+of+War+Information&f[institutional_collection_title_facet][]=World+War+II+Poster+Collection+at+Northwestern+University+Library,6,4,0:00:06,0,0.00%,0.00%,$0.00 
/catalog?f[date_display_facet][]=1942&f[institutional_collection_title_facet][]=World+War+II+Poster+Collection+at+Northwestern+University+Library,6,3,0:00:10,0,0.00%,16.67%,$0.00 
"/catalog?f[date_display_facet][]=1943&f[subject_term_facet][]=World+War,+1939-1945&page=8",6,3,0:00:59,0,0.00%,0.00%,$0.00 
/catalog?f[date_display_facet][]=1944&f[institutional_collection_title_facet][]=World+War+II+Poster+Collection+at+Northwestern+University+Library&page=4,6,4,0:00:11,0,0.00%,0.00%,$0.00 
/catalog?f[date_display_facet][]=1945&f[institutional_collection_title_facet][]=World+War+II+Poster+Collection+at+Northwestern+University+Library,6,4,0:00:10,0,0.00%,16.67%,$0.00 
/catalog?f[institutional_collection_title_facet][]=Posters+from+the+Herskovits+Library&page=59,6,3,0:00:07,0,0.00%,0.00%,$0.00 
/catalog?f[institutional_collection_title_facet][]=World+War+II+Poster+Collection+at+Northwestern+University+Library&page=7&per_page=20,6,4,0:00:13,0,0.00%,16.67%,$0.00 
/catalog?f[institutional_collection_title_facet][]=World+War+II+Poster+Collection+at+Northwestern+University+Library&page=7&per_page=50,6,5,0:00:16,0,0.00%,16.67%,$0.00 
/catalog?f[institutional_collection_title_facet][]=World+War+II+Poster+Collection+at+Northwestern+University+Library&page=8&per_page=50,6,4,0:00:09,0,0.00%,16.67%,$0.00 
"/catalog?f[institutional_collection_title_facet][]=World+War+II+Poster+Collection+at+Northwestern+University+Library&per_page=100&sort=title_dil+asc,+date_dil+asc",6,2,0:04:01,0,0.00%,0.00%,$0.00 
"/catalog?f[institutional_collection_title_facet][]=World+War+II+Poster+Collection+at+Northwestern+University+Library&sort=title_dil+asc,+date_dil+asc",6,6,0:00:11,0,0.00%,0.00%,$0.00 
/catalog?f[subject_term_facet][]=South+Africa&f[subject_term_facet][]=Anti-apartheid+movements,6,4,0:00:14,0,0.00%,0.00%,$0.00 
/catalog?f[subject_term_facet][]=South+Africa&page=4,6,3,0:00:11,0,0.00%,0.00%,$0.00 
/catalog?page=2&per_page=100&q=la+caricature,6,4,0:00:12,0,0.00%,0.00%,$0.00 
/catalog?page=2&q=rationing&utf8=âœ“,6,1,0:00:03,0,0.00%,0.00%,$0.00 
/catalog?utf8=âœ“&f[institutional_collection_title_facet][]=World+War+II+Poster+Collection+at+Northwestern+University+Library&per_page=100&q=family,6,1,0:00:25,0,0.00%,0.00%,$0.00 
/catalog?utf8=âœ“&f[institutional_collection_title_facet][]=World+War+II+Poster+Collection+at+Northwestern+University+Library&q=american+family,6,2,0:02:36,1,0.00%,16.67%,$0.00 
/catalog?utf8=âœ“&f[institutional_collection_title_facet][]=World+War+II+Poster+Collection+at+Northwestern+University+Library&q=children,6,2,0:00:14,0,0.00%,0.00%,$0.00 
