/catalog?f[institutional_collection_title_facet][]=World+War+II+Poster+Collection+at+Northwestern+University+Library,"1,176",725,00:00:48,701,40.51%,32.99%,$0.00
/,"1,019",608,00:01:01,483,38.72%,28.26%,$0.00
/catalog?f[institutional_collection_title_facet][]=World+War+II+Poster+Collection+at+Northwestern+University+Library&page=2,411,242,00:00:25,12,66.67%,8.27%,$0.00
/catalog?f[institutional_collection_title_facet][]=World+War+II+Poster+Collection+at+Northwestern+University+Library&page=3,271,176,00:00:23,2,0.00%,4.06%,$0.00
/catalog?f[institutional_collection_title_facet][]=World+War+II+Poster+Collection+at+Northwestern+University+Library&page=4,249,156,00:00:10,5,40.00%,4.02%,$0.00
/catalog?f[institutional_collection_title_facet][]=World+War+II+Poster+Collection+at+Northwestern+University+Library&page=5,236,142,00:00:14,4,75.00%,4.66%,$0.00
/catalog?f[institutional_collection_title_facet][]=Justine+Cordwell+Collection&page=12&per_page=100,218,9,00:00:04,0,0.00%,1.38%,$0.00
/catalog?f[institutional_collection_title_facet][]=World+War+II+Poster+Collection+at+Northwestern+University+Library&page=6,195,109,00:00:14,0,0.00%,2.05%,$0.00
/catalog?f[institutional_collection_title_facet][]=Justine+Cordwell+Collection&page=11&per_page=100,184,3,00:00:04,0,0.00%,0.00%,$0.00
/multiresimages/inu:dil-41913a91-037f-494b-9113-06004a8a98fb,167,149,00:01:35,30,80.00%,33.53%,$0.00
/catalog?f[institutional_collection_title_facet][]=World+War+II+Poster+Collection+at+Northwestern+University+Library&per_page=100,164,70,00:01:03,45,26.67%,16.46%,$0.00
/catalog?f[institutional_collection_title_facet][]=World+War+II+Poster+Collection+at+Northwestern+University+Library&page=8,147,87,00:00:12,2,0.00%,2.04%,$0.00
/catalog?f[institutional_collection_title_facet][]=World+War+II+Poster+Collection+at+Northwestern+University+Library&page=9,139,83,00:00:14,2,0.00%,0.72%,$0.00
"/catalog?utf8=✓&q=""Hamid+Naficy+Iranian+Movies+Poster+Collection""",139,2,00:00:03,0,0.00%,0.72%,$0.00
/catalog?f[institutional_collection_title_facet][]=World+War+II+Poster+Collection+at+Northwestern+University+Library&page=7,138,96,00:00:14,3,100.00%,6.52%,$0.00
/multiresimages/inu:dil-5f4c79ec-9f65-4e41-88aa-b4f1e128829b,125,111,00:01:10,7,42.86%,16.80%,$0.00
/catalog?f[institutional_collection_title_facet][]=World+War+II+Poster+Collection+at+Northwestern+University+Library&page=10,120,79,00:00:28,1,0.00%,0.83%,$0.00
/catalog?f[institutional_collection_title_facet][]=Justine+Cordwell+Collection&page=13&per_page=100,116,2,00:00:03,0,0.00%,0.86%,$0.00
/catalog?f[institutional_collection_title_facet][]=Justine+Cordwell+Collection&page=10&per_page=100,115,4,00:00:17,0,0.00%,0.87%,$0.00
/catalog?f[institutional_collection_title_facet][]=World+War+II+Poster+Collection+at+Northwestern+University+Library&page=11,111,71,00:00:14,0,0.00%,0.90%,$0.00
/catalog?f[institutional_collection_title_facet][]=World+War+II+Poster+Collection+at+Northwestern+University+Library&page=12,111,64,00:00:47,0,0.00%,2.70%,$0.00
/catalog?utf8=✓&f[institutional_collection_title_facet][]=Justine+Cordwell+Collection&q=untitled,109,22,00:00:15,0,0.00%,1.83%,$0.00
/multiresimages/inu:dil-2320153a-db0f-4e9a-9b75-0b3e3106c621,105,99,00:04:02,99,93.94%,93.33%,$0.00
/catalog?f[institutional_collection_title_facet][]=Justine+Cordwell+Collection&page=4&q=untitled,99,7,00:00:04,0,0.00%,0.00%,$0.00
/catalog?f[institutional_collection_title_facet][]=World War II Poster Collection at Northwestern University Library,95,63,00:00:29,10,80.00%,17.89%,$0.00
/catalog?utf8=✓&per_page=100&q=illionis,94,1,00:00:03,0,0.00%,0.00%,$0.00
/users/sign_in,93,81,00:00:14,16,31.25%,10.75%,$0.00
/catalog?f[institutional_collection_title_facet][]=Justine+Cordwell+Collection&page=5&q=untitled,90,13,00:00:16,1,0.00%,0.00%,$0.00
/catalog?f[institutional_collection_title_facet][]=World+War+II+Poster+Collection+at+Northwestern+University+Library&page=13,90,67,00:00:18,0,0.00%,0.00%,$0.00
/catalog?f[institutional_collection_title_facet][]=World+War+II+Poster+Collection+at+Northwestern+University+Library&page=15,89,58,00:00:15,1,0.00%,2.25%,$0.00
/catalog?f[institutional_collection_title_facet][]=World+War+II+Poster+Collection+at+Northwestern+University+Library&page=16,85,52,00:00:09,0,0.00%,2.35%,$0.00
/multiresimages/inu:dil-4334720b-c9d7-4c1c-82e3-75f78793dc2b,85,74,00:02:37,5,60.00%,15.29%,$0.00
/catalog?f[institutional_collection_title_facet][]=World+War+II+Poster+Collection+at+Northwestern+University+Library&page=17,79,49,00:00:32,0,0.00%,0.00%,$0.00
"/catalog?f[institutional_collection_title_facet][]=Ifeoma+Onyefulu+:+photographs&per_page=20&sort=title_dil+asc,+date_dil+asc",78,2,00:00:07,1,0.00%,1.28%,$0.00
/catalog?f[institutional_collection_title_facet][]=Hamid Naficy Iranian Movie Posters Collection,77,43,00:00:40,12,25.00%,11.69%,$0.00
/catalog?f[institutional_collection_title_facet][]=World+War+II+Poster+Collection+at+Northwestern+University+Library&page=14,77,60,00:00:21,0,0.00%,3.90%,$0.00
"/catalog?f[institutional_collection_title_facet][]=Ramón+Casas+sketchbooks&page=2&per_page=20&q=untitled&sort=title_dil+asc,+date_dil+asc",76,3,00:00:03,0,0.00%,0.00%,$0.00
/multiresimages/inu:dil-97c078b0-dac4-40c3-9c13-a91665b817e6,76,66,00:01:51,6,66.67%,23.68%,$0.00
/catalog?f[institutional_collection_title_facet][]=Digital Image Library,74,60,00:00:55,4,0.00%,5.41%,$0.00
/catalog?f[institutional_collection_title_facet][]=Justine+Cordwell+Collection&page=2&q=untitled,74,8,00:00:06,0,0.00%,1.35%,$0.00
/catalog?f[institutional_collection_title_facet][]=World+War+II+Poster+Collection+at+Northwestern+University+Library&page=18,71,45,00:00:11,0,0.00%,0.00%,$0.00
"/catalog?utf8=✓&_=1497918791373&f[date_display_facet][]=Date&per_page=20&sort=title_dil+asc,+date_dil+asc&q=Bronze",71,2,00:00:26,1,0.00%,1.41%,$0.00
/catalog?f[institutional_collection_title_facet][]=World+War+II+Poster+Collection+at+Northwestern+University+Library&page=19,70,43,00:00:12,0,0.00%,0.00%,$0.00
/multiresimages/inu:dil-7ec10e3c-f9c5-4361-a09d-8df5b89c1c47,67,60,00:01:56,3,33.33%,19.40%,$0.00
/multiresimages/inu:dil-faeb3d06-a00f-423d-9193-4f1878162731,66,52,00:02:49,2,0.00%,13.64%,$0.00
/catalog?f[institutional_collection_title_facet][]=World+War+II+Poster+Collection+at+Northwestern+University+Library&page=40,61,42,00:00:09,3,0.00%,3.28%,$0.00
/multiresimages/inu:dil-43d30329-74e2-465b-8f66-807044944da9,60,59,00:00:40,2,100.00%,16.67%,$0.00
/catalog?f[institutional_collection_title_facet][]=World+War+II+Poster+Collection+at+Northwestern+University+Library&page=25,59,43,00:00:11,4,100.00%,8.47%,$0.00
/catalog?f[institutional_collection_title_facet][]=Justine+Cordwell+Collection&page=3&q=untitled,58,6,00:00:03,0,0.00%,0.00%,$0.00
/catalog?f[institutional_collection_title_facet][]=World+War+II+Poster+Collection+at+Northwestern+University+Library&page=28,57,36,00:00:16,0,0.00%,3.51%,$0.00
/multiresimages/inu:dil-ed3121a3-ff10-4666-b44f-c74b0dc1314e,57,53,00:02:05,34,94.12%,64.91%,$0.00
/catalog?f[institutional_collection_title_facet][]=World+War+II+Poster+Collection+at+Northwestern+University+Library&page=21,56,40,00:00:10,0,0.00%,1.79%,$0.00
/catalog?f[institutional_collection_title_facet][]=World+War+II+Poster+Collection+at+Northwestern+University+Library&page=23,56,36,00:00:12,0,0.00%,0.00%,$0.00
/catalog?f[institutional_collection_title_facet][]=World+War+II+Poster+Collection+at+Northwestern+University+Library&page=32,56,37,00:00:13,0,0.00%,0.00%,$0.00
/multiresimages/inu:dil-cbbf03c6-bc28-4d9a-b666-5dd035801614,56,49,00:01:27,2,50.00%,21.43%,$0.00
"/catalog?f[institutional_collection_title_facet][]=Ifeoma+Onyefulu+:+photographs&page=2&per_page=20&sort=title_dil+asc,+date_dil+asc",55,1,00:00:03,0,0.00%,0.00%,$0.00
/catalog?f[institutional_collection_title_facet][]=Justine+Cordwell+Collection&page=14&per_page=100,55,1,00:00:02,0,0.00%,1.82%,$0.00
/catalog?f[institutional_collection_title_facet][]=World+War+II+Poster+Collection+at+Northwestern+University+Library&page=20,55,42,00:00:23,0,0.00%,1.82%,$0.00
/catalog?f[institutional_collection_title_facet][]=World+War+II+Poster+Collection+at+Northwestern+University+Library&page=30,54,36,00:00:19,0,0.00%,0.00%,$0.00
/catalog?f[institutional_collection_title_facet][]=World+War+II+Poster+Collection+at+Northwestern+University+Library&page=38,54,36,00:00:09,0,0.00%,1.85%,$0.00
/catalog?f[institutional_collection_title_facet][]=Justine Cordwell Collection,53,37,00:00:14,1,0.00%,3.77%,$0.00
/catalog?f[institutional_collection_title_facet][]=World+War+II+Poster+Collection+at+Northwestern+University+Library&page=33,53,38,00:00:13,0,0.00%,0.00%,$0.00
/catalog,52,38,00:00:47,4,50.00%,9.62%,$0.00
/catalog?f[institutional_collection_title_facet][]=World+War+II+Poster+Collection+at+Northwestern+University+Library&page=22,51,41,00:00:08,0,0.00%,0.00%,$0.00
/catalog?f[institutional_collection_title_facet][]=World+War+II+Poster+Collection+at+Northwestern+University+Library&page=36,51,35,00:00:10,1,0.00%,0.00%,$0.00
/catalog?f[institutional_collection_title_facet][]=World+War+II+Poster+Collection+at+Northwestern+University+Library&page=39,51,34,00:00:10,0,0.00%,5.88%,$0.00
/catalog?f[institutional_collection_title_facet][]=World+War+II+Poster+Collection+at+Northwestern+University+Library&page=41,51,43,00:00:24,1,0.00%,15.69%,$0.00
/multiresimages/inu:dil-f8f98d46-ace7-46b8-9356-b596d7ad1a27,51,41,00:02:27,40,75.00%,70.59%,$0.00
/catalog?per_page=100&q=illionis,50,1,00:00:04,0,0.00%,0.00%,$0.00
/catalog?f[institutional_collection_title_facet][]=World+War+II+Poster+Collection+at+Northwestern+University+Library&page=29,49,35,00:00:32,0,0.00%,0.00%,$0.00
/catalog?f[institutional_collection_title_facet][]=World+War+II+Poster+Collection+at+Northwestern+University+Library&page=37,49,37,00:00:12,0,0.00%,0.00%,$0.00
/catalog?utf8=✓&q=11813,49,39,00:02:31,10,20.00%,10.20%,$0.00
/catalog?f[institutional_collection_title_facet][]=World+War+II+Poster+Collection+at+Northwestern+University+Library&page=24,48,36,00:00:40,0,0.00%,0.00%,$0.00
/multiresimages/inu:dil-bf2ba584-c87f-4394-aa46-c1b819ae8a3b,48,39,00:01:50,27,81.48%,56.25%,$0.00
/catalog?f[institutional_collection_title_facet][]=Justine+Cordwell+Collection&page=8&q=untitled,47,5,00:00:05,0,0.00%,0.00%,$0.00
/catalog?f[institutional_collection_title_facet][]=World+War+II+Poster+Collection+at+Northwestern+University+Library&page=27,46,35,00:00:11,0,0.00%,0.00%,$0.00
/multiresimages/inu:dil-f81bf817-d653-4eff-9d15-2144801d2afd,46,40,00:00:30,30,80.00%,69.57%,$0.00
/catalog?f[institutional_collection_title_facet][]=World+War+II+Poster+Collection+at+Northwestern+University+Library&page=34,45,36,00:00:15,0,0.00%,0.00%,$0.00
/catalog?f[institutional_collection_title_facet][]=World+War+II+Poster+Collection+at+Northwestern+University+Library&page=2&per_page=100,44,17,00:00:30,0,0.00%,2.27%,$0.00
/catalog?f[institutional_collection_title_facet][]=World+War+II+Poster+Collection+at+Northwestern+University+Library&page=31,44,35,00:00:22,0,0.00%,2.27%,$0.00
/multiresimages/inu:dil-a77d6c09-ad92-4ffa-a762-ce918cdaca2e,44,37,00:01:08,22,72.73%,50.00%,$0.00
/catalog?f[institutional_collection_title_facet][]=World+War+II+Poster+Collection+at+Northwestern+University+Library&page=26,43,34,00:00:38,0,0.00%,0.00%,$0.00
/catalog?f[institutional_collection_title_facet][]=World+War+II+Poster+Collection+at+Northwestern+University+Library&page=35,43,35,00:00:31,0,0.00%,2.33%,$0.00
"/catalog?utf8=✓&f[institutional_collection_title_facet][]=Ramón+Casas+sketchbooks&per_page=20&sort=title_dil+asc,+date_dil+asc&q=untitled",43,2,00:00:37,0,0.00%,0.00%,$0.00
/multiresimages/inu:dil-cafc02cf-56aa-4ed5-8cfa-d4d033c00764,43,40,00:00:23,0,0.00%,2.33%,$0.00
/catalog?f[institutional_collection_title_facet][]=Justine+Cordwell+Collection&page=11&q=untitled,42,2,00:00:03,0,0.00%,2.38%,$0.00
/institutional_collections,42,20,00:01:23,1,0.00%,7.14%,$0.00
"/catalog?f[institutional_collection_title_facet][]=Alexander+Hesler+Photograph+Collection&page=45&per_page=20&sort=title_dil+asc,+date_dil+asc",41,1,00:00:06,0,0.00%,0.00%,$0.00
/multiresimages/inu:dil-4e49c076-620e-49c8-bac4-f344b3aecf76,41,39,00:02:02,6,83.33%,17.07%,$0.00
/multiresimages/inu:dil-894b79d5-71b2-435a-b598-cb2573042277,41,34,00:01:52,4,75.00%,19.51%,$0.00
/multiresimages/inu:dil-b69d425c-30fc-4a83-b67b-570304c03ae5,41,32,00:01:03,4,50.00%,21.95%,$0.00
/multiresimages/inu:dil-942ad4f4-50db-40c1-a3e4-7d0484a04277,40,31,00:01:27,10,40.00%,22.50%,$0.00
/catalog?f[institutional_collection_title_facet][]=Justine+Cordwell+Collection&page=25&q=untitled,39,4,00:00:03,0,0.00%,0.00%,$0.00
/catalog?f[institutional_collection_title_facet][]=Ramón Casas sketchbooks,39,29,00:00:14,0,0.00%,7.69%,$0.00
/catalog?f[institutional_collection_title_facet][]=World+War+II+Poster+Collection+at+Northwestern+University+Library&page=4&per_page=100,39,16,00:00:34,0,0.00%,2.56%,$0.00
"/catalog?f[institutional_collection_title_facet][]=La+Caricature+(1830-1835;+Charles+Philipon,+founding+editor)&page=19&per_page=20&sort=title_dil+asc,+date_dil+asc",38,2,00:00:06,0,0.00%,0.00%,$0.00
/catalog?f[institutional_collection_title_facet][]=World+War+II+Poster+Collection+at+Northwestern+University+Library&page=3&per_page=100,38,16,00:00:22,0,0.00%,0.00%,$0.00
/multiresimages/inu:dil-3b4b5056-99cc-4c54-bad9-1efae6865826,38,30,00:01:15,5,60.00%,21.05%,$0.00
/catalog?f[institutional_collection_title_facet][]=Justine+Cordwell+Collection&page=26&q=untitled,36,3,00:00:03,0,0.00%,0.00%,$0.00
/catalog?utf8=✓&q=raymond+w.+mark,36,1,00:00:08,0,0.00%,0.00%,$0.00
/multiresimages/inu:dil-8b1a140d-de6c-446f-aa46-72bced220d7e,36,32,00:07:27,31,93.55%,88.89%,$0.00
/multiresimages/inu:dil-ee3d8b60-344c-432f-8f57-2b894b2874b3,36,32,00:01:13,13,92.31%,33.33%,$0.00
/multiresimages/inu:dil-3ecf58ee-ebbc-4e4c-9fd8-a9c30ab79601,35,31,00:01:08,25,96.00%,71.43%,$0.00
/multiresimages/inu:dil-f5631feb-a34f-4884-8427-553e43718c7d,35,21,00:04:42,20,60.00%,60.00%,$0.00
"/catalog?f[institutional_collection_title_facet][]=La+Caricature+(1830-1835;+Charles+Philipon,+founding+editor)&page=12&per_page=20&sort=title_dil+asc,+date_dil+asc",34,2,00:00:04,0,0.00%,0.00%,$0.00
"/catalog?f[institutional_collection_title_facet][]=La+Caricature+(1830-1835;+Charles+Philipon,+founding+editor)&page=17&per_page=20&sort=title_dil+asc,+date_dil+asc",34,2,00:00:06,0,0.00%,2.94%,$0.00
/institutional_collections/inu:dil-71b44796-5c41-4381-8c44-8236035e4116/images?f[institutional_collection_title_facet][]=test+6/1/2017,34,1,00:00:08,0,0.00%,0.00%,$0.00
/catalog?f[institutional_collection_title_facet][]=16th-Early 20th Century Maps of Africa,33,26,00:00:24,3,66.67%,15.15%,$0.00
/catalog?f[institutional_collection_title_facet][]=Justine+Cordwell+Collection&page=9&q=untitled,33,5,00:00:03,0,0.00%,0.00%,$0.00
/catalog?f[institutional_collection_title_facet][]=Posters from the Herskovits Library,33,23,00:01:20,2,0.00%,6.06%,$0.00
/multiresimages/inu:dil-5185b0f8-7cbc-485b-9cc2-ae10efef10a0,33,24,00:03:19,24,70.83%,69.70%,$0.00
/multiresimages/inu:dil-8178e7d2-6863-423a-8cdf-7b9b6915cd73,33,31,00:01:49,24,91.67%,72.73%,$0.00
/multiresimages/inu:dil-d3266ad6-f4ed-4a5a-a9bd-1523c5c4e4f1,33,31,00:02:02,2,50.00%,15.15%,$0.00
"/catalog?f[institutional_collection_title_facet][]=Alexander+Hesler+Photograph+Collection&page=47&per_page=20&sort=title_dil+asc,+date_dil+asc",32,2,00:00:02,0,0.00%,0.00%,$0.00
/catalog?f[institutional_collection_title_facet][]=Hamid+Naficy+Iranian+Movie+Posters+Collection&page=2,32,16,00:00:13,1,100.00%,6.25%,$0.00
"/catalog?f[institutional_collection_title_facet][]=La+Caricature+(1830-1835;+Charles+Philipon,+founding+editor)&page=20&per_page=20&sort=title_dil+asc,+date_dil+asc",32,2,00:00:04,0,0.00%,0.00%,$0.00
/multiresimages/inu:dil-d4979afc-8e16-4b1c-8f79-418b17c6a04b,32,12,00:01:10,0,0.00%,0.00%,$0.00
/multiresimages/inu:dil-e7bbe318-9da2-4866-8044-74bef43dabc9,32,21,00:01:53,4,50.00%,15.62%,$0.00
"/catalog?_=1497918791373&f[date_display_facet][]=Date&per_page=20&q=Bronze&sort=title_dil+asc,+date_dil+asc",31,2,00:00:07,0,0.00%,0.00%,$0.00
"/catalog?f[institutional_collection_title_facet][]=Alexander+Hesler+Photograph+Collection&page=46&per_page=20&sort=title_dil+asc,+date_dil+asc",31,3,00:00:07,1,0.00%,3.23%,$0.00
"/catalog?f[institutional_collection_title_facet][]=La+Caricature+(1830-1835;+Charles+Philipon,+founding+editor)&page=11&per_page=20&sort=title_dil+asc,+date_dil+asc",31,2,00:00:04,1,0.00%,3.23%,$0.00
"/catalog?f[institutional_collection_title_facet][]=La+Caricature+(1830-1835;+Charles+Philipon,+founding+editor)&page=14&per_page=20&sort=title_dil+asc,+date_dil+asc",31,2,00:00:04,0,0.00%,0.00%,$0.00
/multiresimages/inu:dil-5c31dad1-a90f-46ef-841e-3cfe4906e3ed,31,29,00:00:38,12,66.67%,48.39%,$0.00
/catalog?f[institutional_collection_title_facet][]=Alexander+Hesler+Photograph+Collection&page=41&per_page=20,30,1,00:00:03,0,0.00%,0.00%,$0.00
/catalog?f[institutional_collection_title_facet][]=Justine+Cordwell+Collection&page=21&q=untitled,30,3,00:00:03,0,0.00%,6.67%,$0.00
"/catalog?f[institutional_collection_title_facet][]=La+Caricature+(1830-1835;+Charles+Philipon,+founding+editor)&page=23&per_page=20&sort=title_dil+asc,+date_dil+asc",30,2,00:00:04,0,0.00%,0.00%,$0.00
/catalog?f[institutional_collection_title_facet][]=Vernon McKay Photographs,30,22,00:01:07,5,0.00%,3.33%,$0.00
/multiresimages/inu:dil-06c13960-3a2b-4bf3-b4dc-b6c2abec6266,30,27,00:03:10,1,0.00%,23.33%,$0.00
/multiresimages/inu:dil-11e48685-ca92-461e-95a2-c833d96f869f,30,25,00:01:36,1,100.00%,10.00%,$0.00
/multiresimages/inu:dil-7ccc9ab0-b7c4-4948-8ac1-cfa5305f8e49,30,20,00:05:36,17,76.47%,63.33%,$0.00
/catalog?f[institutional_collection_title_facet][]=Justine+Cordwell+Collection&page=6&q=untitled,29,6,00:01:16,0,0.00%,3.45%,$0.00
"/catalog?f[institutional_collection_title_facet][]=La+Caricature+(1830-1835;+Charles+Philipon,+founding+editor)&page=18&per_page=20&sort=title_dil+asc,+date_dil+asc",29,1,00:00:04,0,0.00%,0.00%,$0.00
/multiresimages/inu:dil-45d67d8d-f27b-474e-908e-5764cadfd149,29,20,00:02:12,8,75.00%,24.14%,$0.00
/multiresimages/inu:dil-a665f907-86ba-4999-a20e-268f56491a27,29,26,00:00:50,1,100.00%,10.34%,$0.00
/catalog?f[institutional_collection_title_facet][]=Alexander+Hesler+Photograph+Collection&page=42&per_page=20,28,1,00:00:06,0,0.00%,0.00%,$0.00
/catalog?f[institutional_collection_title_facet][]=Justine+Cordwell+Collection&page=7&q=untitled,28,5,00:00:04,0,0.00%,0.00%,$0.00
/catalog?f[institutional_collection_title_facet][]=Posters+from+the+Herskovits+Library,28,21,00:02:17,21,38.10%,39.29%,$0.00
/multiresimages/inu:dil-8ff7cfb5-786b-4093-8fa4-4f4a505bdd29,28,27,00:00:26,0,0.00%,7.14%,$0.00
"/catalog?f[institutional_collection_title_facet][]=La+Caricature+(1830-1835;+Charles+Philipon,+founding+editor)&page=16&per_page=20&sort=title_dil+asc,+date_dil+asc",27,2,00:00:06,0,0.00%,0.00%,$0.00
"/catalog?f[institutional_collection_title_facet][]=La+Caricature+(1830-1835;+Charles+Philipon,+founding+editor)&page=9&per_page=20&sort=title_dil+asc,+date_dil+asc",27,1,00:00:03,1,0.00%,0.00%,$0.00
/catalog?f[institutional_collection_title_facet][]=United States Army Base Hospital Number 12 World War I and II Records,27,22,00:00:41,6,16.67%,18.52%,$0.00
"/catalog?page=5&q=Roberts,+John+S.+;+dedication",27,1,00:00:03,0,0.00%,0.00%,$0.00
/multiresimages/inu:dil-85a4b2d3-48f4-407c-8fd2-4a9d43e97038,27,24,00:00:23,0,0.00%,11.11%,$0.00
"/catalog?f[institutional_collection_title_facet][]=Alexander+Hesler+Photograph+Collection&page=43&per_page=20&sort=title_dil+asc,+date_dil+asc",26,1,00:00:02,0,0.00%,0.00%,$0.00
"/catalog?f[institutional_collection_title_facet][]=La+Caricature+(1830-1835;+Charles+Philipon,+founding+editor)&page=13&per_page=20&sort=title_dil+asc,+date_dil+asc",26,2,00:00:05,0,0.00%,0.00%,$0.00
"/catalog?f[institutional_collection_title_facet][]=La+Caricature+(1830-1835;+Charles+Philipon,+founding+editor)&page=15&per_page=20&sort=title_dil+asc,+date_dil+asc",26,2,00:01:04,0,0.00%,0.00%,$0.00
"/catalog?f[institutional_collection_title_facet][]=La+Caricature+(1830-1835;+Charles+Philipon,+founding+editor)&page=22&per_page=20&sort=title_dil+asc,+date_dil+asc",26,1,00:00:03,0,0.00%,0.00%,$0.00
"/catalog?f[institutional_collection_title_facet][]=La+Caricature+(1830-1835;+Charles+Philipon,+founding+editor)&page=7&per_page=20&sort=title_dil+asc,+date_dil+asc",26,1,00:00:05,0,0.00%,0.00%,$0.00
"/catalog?f[institutional_collection_title_facet][]=La+Caricature+(1830-1835;+Charles+Philipon,+founding+editor)&per_page=20&sort=title_dil+asc,+date_dil+asc",26,3,00:00:04,0,0.00%,0.00%,$0.00
/multiresimages/inu:dil-294557ff-5e6e-469f-96cc-f27ae36c6499,26,18,00:01:41,13,30.77%,42.31%,$0.00
/multiresimages/inu:dil-a331b62b-4c4e-4c94-b15f-d99f60e9c44f,26,25,00:01:21,2,50.00%,15.38%,$0.00
"/catalog?f[institutional_collection_title_facet][]=La+Caricature+(1830-1835;+Charles+Philipon,+founding+editor)&page=21&per_page=20&sort=title_dil+asc,+date_dil+asc",25,1,00:00:03,0,0.00%,0.00%,$0.00
"/catalog?f[institutional_collection_title_facet][]=La+Caricature+(1830-1835;+Charles+Philipon,+founding+editor)&page=3&per_page=20&sort=title_dil+asc,+date_dil+asc",25,1,00:00:05,0,0.00%,0.00%,$0.00
"/catalog?f[institutional_collection_title_facet][]=La+Caricature+(1830-1835;+Charles+Philipon,+founding+editor)&page=6&per_page=20&sort=title_dil+asc,+date_dil+asc",25,1,00:00:04,0,0.00%,0.00%,$0.00
/multiresimages/inu:dil-27d7e97d-2276-4ba8-8403-2ee7df8aa92f,25,21,00:00:25,5,60.00%,16.00%,$0.00
/multiresimages/inu:dil-444e01be-8636-4e6e-8477-c2662ef68d3e,25,21,00:01:35,5,100.00%,32.00%,$0.00
/multiresimages/inu:dil-ba895a21-8b8d-4c93-bd99-4de52c63ea62,25,24,00:00:54,1,100.00%,8.00%,$0.00
"/catalog?f[institutional_collection_title_facet][]=Alexander+Hesler+Photograph+Collection&page=44&per_page=20&sort=title_dil+asc,+date_dil+asc",24,1,00:00:04,0,0.00%,0.00%,$0.00
/catalog?f[institutional_collection_title_facet][]=Hamid+Naficy+Iranian+Movie+Posters+Collection&page=3,24,10,00:00:09,0,0.00%,0.00%,$0.00
/catalog?f[institutional_collection_title_facet][]=Hamid+Naficy+Iranian+Movie+Posters+Collection&page=4,24,8,00:00:06,0,0.00%,4.17%,$0.00
"/catalog?f[institutional_collection_title_facet][]=Jim Roberts Photographs, 1968-1972",24,17,00:00:17,0,0.00%,4.17%,$0.00
"/catalog?f[institutional_collection_title_facet][]=La Caricature (1830-1835; Charles Philipon, founding editor)",24,14,00:00:11,0,0.00%,4.17%,$0.00
"/catalog?f[institutional_collection_title_facet][]=La+Caricature+(1830-1835;+Charles+Philipon,+founding+editor)&page=10&per_page=20&sort=title_dil+asc,+date_dil+asc",24,1,00:00:04,0,0.00%,0.00%,$0.00
"/catalog?f[institutional_collection_title_facet][]=La+Caricature+(1830-1835;+Charles+Philipon,+founding+editor)&page=2&per_page=20&sort=title_dil+asc,+date_dil+asc",24,1,00:00:04,0,0.00%,0.00%,$0.00
"/catalog?f[institutional_collection_title_facet][]=La+Caricature+(1830-1835;+Charles+Philipon,+founding+editor)&page=4&per_page=20&sort=title_dil+asc,+date_dil+asc",24,1,00:00:04,0,0.00%,0.00%,$0.00
"/catalog?f[institutional_collection_title_facet][]=La+Caricature+(1830-1835;+Charles+Philipon,+founding+editor)&page=5&per_page=20&sort=title_dil+asc,+date_dil+asc",24,2,00:00:04,0,0.00%,0.00%,$0.00
"/catalog?page=6&q=Roberts,+John+S.+;+dedication",24,1,00:00:03,0,0.00%,0.00%,$0.00
/multiresimages/inu:dil-47901c10-0bf0-4300-8607-0607d7f7f761,24,24,00:01:50,0,0.00%,12.50%,$0.00
/multiresimages/inu:dil-8269b041-8b05-4a61-bc86-16c48f2aec0c,24,23,00:00:38,2,100.00%,16.67%,$0.00
/catalog?f[institutional_collection_title_facet][]=Hamid+Naficy+Iranian+Movie+Posters+Collection,23,16,00:00:41,14,7.14%,8.70%,$0.00
"/catalog?page=4&q=Roberts,+John+S.+;+dedication",23,1,00:00:04,0,0.00%,0.00%,$0.00
/multiresimages/inu:dil-465225ad-f52c-4081-9059-6d5561f81d73,23,18,00:00:32,8,62.50%,39.13%,$0.00
/multiresimages/inu:dil-62b5e2c4-8153-4922-9593-963a23bef208,23,21,00:02:13,6,66.67%,47.83%,$0.00
/multiresimages/inu:dil-6567261f-d4a0-4ac6-a5e0-8b3f02bcfad4,23,18,00:01:41,2,50.00%,8.70%,$0.00
/catalog?f[institutional_collection_title_facet][]=Alexander Hesler Photograph Collection,22,16,00:00:39,0,0.00%,4.55%,$0.00
"/catalog?f[institutional_collection_title_facet][]=Alexander+Hesler+Photograph+Collection&page=42&per_page=20&sort=title_dil+asc,+date_dil+asc",22,1,00:00:03,0,0.00%,0.00%,$0.00
/catalog?f[institutional_collection_title_facet][]=Justine+Cordwell+Collection&page=9&per_page=100,22,2,00:00:04,0,0.00%,0.00%,$0.00
/catalog?f[institutional_collection_title_facet][]=Photographs of Zanzibar,22,10,00:00:14,0,0.00%,0.00%,$0.00
/catalog?per_page=20&q=may+week+people,22,1,00:00:04,0,0.00%,0.00%,$0.00
/catalog?utf8=✓&f[institutional_collection_title_facet][]=World+War+II+Poster+Collection+at+Northwestern+University+Library&per_page=100&q=arms+and+the+women+help+with+defense,22,5,00:00:28,5,40.00%,9.09%,$0.00
/catalog?utf8=✓&q=11813+correspondence,22,2,00:01:20,1,0.00%,0.00%,$0.00
/multiresimages/inu:dil-0cdd4e82-c06c-4edc-9637-859dfefa8fcd,22,19,00:02:15,12,83.33%,59.09%,$0.00
/multiresimages/inu:dil-3710bd69-9de1-4295-a820-ed4368838ea6,22,17,00:03:21,16,75.00%,72.73%,$0.00
/multiresimages/inu:dil-3ca941db-63fe-447b-aa48-ced02237c9d5,22,22,00:00:20,15,93.33%,63.64%,$0.00
/multiresimages/inu:dil-90ffb14b-59ef-47e7-ba8c-e0b5a99a84b9,22,21,00:00:33,1,100.00%,9.09%,$0.00
/catalog?f[institutional_collection_title_facet][]=Alexander+Hesler+Photograph+Collection&page=40&per_page=20,21,1,00:00:04,1,0.00%,0.00%,$0.00
/catalog?f[institutional_collection_title_facet][]=Hamid+Naficy+Iranian+Movie+Posters+Collection&page=25,21,6,00:00:03,0,0.00%,4.76%,$0.00
/catalog?f[institutional_collection_title_facet][]=Hamid+Naficy+Iranian+Movie+Posters+Collection&page=5,21,7,00:00:12,0,0.00%,0.00%,$0.00
/catalog?f[institutional_collection_title_facet][]=Ramón+Casas+sketchbooks&per_page=20&q=untitled,21,1,00:00:05,0,0.00%,0.00%,$0.00
/catalog?f[institutional_collection_title_facet][]=University Archives Postcards,21,10,00:00:09,1,0.00%,4.76%,$0.00
/multiresimages/inu:dil-c9aed708-7c51-432f-8c2a-983508b7af65,21,18,00:03:15,12,75.00%,61.90%,$0.00
/multiresimages/inu:dil-e3b1d4ed-f40f-478c-bb2d-05e86fefb936,21,20,00:00:20,1,100.00%,14.29%,$0.00
/multiresimages/inu:dil-ec7b9728-3745-4beb-9fdb-563db4cce711,21,20,00:01:47,1,100.00%,4.76%,$0.00
"/catalog?_=1497918791373&f[date_display_facet][]=Date&page=3&per_page=20&q=Bronze&sort=title_dil+asc,+date_dil+asc",20,1,00:00:02,0,0.00%,0.00%,$0.00
/catalog?f[institutional_collection_title_facet][]=Ifeoma Onyefulu : photographs,20,14,00:00:13,0,0.00%,5.00%,$0.00
/catalog?f[institutional_collection_title_facet][]=Justine+Cordwell+Collection&page=20&q=untitled,20,3,00:00:03,0,0.00%,0.00%,$0.00
/multiresimages/inu:dil-19828340-69cc-421d-b77f-7151e343f5a1,20,20,00:00:30,0,0.00%,0.00%,$0.00
/multiresimages/inu:dil-532b76a4-ff53-4d7c-a422-eb35e97953d2,20,19,00:00:28,0,0.00%,0.00%,$0.00
/multiresimages/inu:dil-765bfb10-746e-4abd-b625-d4ce3d528e9a,20,15,00:00:20,1,100.00%,10.00%,$0.00
"/catalog?f[institutional_collection_title_facet][]=Alexander+Hesler+Photograph+Collection&page=41&per_page=20&sort=title_dil+asc,+date_dil+asc",19,1,00:00:03,0,0.00%,0.00%,$0.00
/catalog?f[institutional_collection_title_facet][]=Hamid+Naficy+Iranian+Movie+Posters+Collection&page=7,19,4,00:00:05,0,0.00%,0.00%,$0.00
/catalog?f[institutional_collection_title_facet][]=Rob Linrothe Image Collection,19,14,00:00:25,0,0.00%,0.00%,$0.00
"/catalog?page=3&q=Roberts,+John+S.+;+dedication",19,1,00:00:06,0,0.00%,0.00%,$0.00
/catalog?utf8=✓&q=homecoming+float,19,1,00:02:22,0,0.00%,0.00%,$0.00
/multiresimages/inu:dil-1aab6e10-cc45-4a56-93c1-00329810863e,19,15,00:00:27,5,60.00%,21.05%,$0.00
/multiresimages/inu:dil-38abddcf-7d0c-4e42-8bb0-530a9c40e7c8,19,17,00:01:08,1,0.00%,10.53%,$0.00
/multiresimages/inu:dil-4d5f2160-973b-46f3-938c-3310031e8816,19,18,00:00:16,7,100.00%,42.11%,$0.00
/multiresimages/inu:dil-833edd4e-41f6-4208-bd47-8ff3ebf86ec4,19,16,00:02:00,9,44.44%,31.58%,$0.00
/multiresimages/inu:dil-932f4227-68bd-41ae-8100-ef30304ae901,19,17,00:00:24,4,100.00%,21.05%,$0.00
/multiresimages/inu:dil-d092fd15-e175-4e74-8dda-d26a1cd40a9d,19,17,00:01:47,3,33.33%,10.53%,$0.00
/catalog?f[institutional_collection_title_facet][]=Justine+Cordwell+Collection&page=10&q=untitled,18,4,00:00:10,0,0.00%,11.11%,$0.00
/catalog?f[institutional_collection_title_facet][]=Justine+Cordwell+Collection&page=24&q=untitled,18,5,00:00:04,0,0.00%,5.56%,$0.00
/catalog?f[institutional_collection_title_facet][]=Justine+Cordwell+Collection&page=34&q=untitled,18,2,00:01:09,0,0.00%,0.00%,$0.00
/catalog?page=3&q=pepsi,18,1,00:00:03,0,0.00%,0.00%,$0.00
/catalog?per_page=50&q=11813,18,15,00:01:45,2,0.00%,22.22%,$0.00
/multiresimages/inu:dil-113ea055-504a-43ff-87d1-3ff81df4dd23,18,17,00:00:15,1,100.00%,5.56%,$0.00
/multiresimages/inu:dil-9a3ea7b2-94ff-4543-8ad8-bcb13e32f043,18,14,00:03:37,7,42.86%,33.33%,$0.00
/multiresimages/inu:dil-9b904e55-ecbb-4ecc-bc3c-fdc6754e4cfc,18,15,00:00:24,9,88.89%,55.56%,$0.00
/catalog?_=1497918791373&f[date_display_facet][]=Date,17,10,00:01:13,5,40.00%,11.76%,$0.00
/catalog?f[institutional_collection_title_facet][]=Hamid+Naficy+Iranian+Movie+Posters+Collection&page=10,17,4,00:00:05,0,0.00%,0.00%,$0.00
/catalog?page=2&q=11813,17,10,00:00:14,1,100.00%,5.88%,$0.00
"/catalog?q=Roberts,+John+S.+;+dedication",17,1,00:00:03,0,0.00%,0.00%,$0.00
/multiresimages/inu:dil-70cc2258-bae2-4f70-8ed3-52bb7e62c307,17,14,00:00:24,0,0.00%,0.00%,$0.00
/multiresimages/inu:dil-8053e801-8f46-4e0d-a16e-c87f35145eb4,17,16,00:00:16,1,100.00%,17.65%,$0.00
/multiresimages/inu:dil-917cde32-b6e7-42f6-852c-4fac975ace22,17,16,00:02:12,0,0.00%,11.76%,$0.00
/multiresimages/inu:dil-b059cfac-9262-4dfc-95f1-06570084ece4,17,16,00:00:38,5,80.00%,35.29%,$0.00
/multiresimages/inu:dil-bb9d5112-21b5-4a1e-b57c-c1bbc8d451de,17,14,00:00:27,9,100.00%,52.94%,$0.00
/multiresimages/inu:dil-e9765edb-f531-46e4-8369-8f2b2febc112,17,17,00:00:12,2,0.00%,17.65%,$0.00
/catalog?f[institutional_collection_title_facet][]=Hamid+Naficy+Iranian+Movie+Posters+Collection&page=11,16,4,00:00:11,0,0.00%,0.00%,$0.00
/catalog?f[institutional_collection_title_facet][]=Hamid+Naficy+Iranian+Movie+Posters+Collection&page=13,16,4,00:00:04,0,0.00%,0.00%,$0.00
/catalog?f[institutional_collection_title_facet][]=Hamid+Naficy+Iranian+Movie+Posters+Collection&page=6,16,4,00:00:04,0,0.00%,0.00%,$0.00
/catalog?f[institutional_collection_title_facet][]=Hamid+Naficy+Iranian+Movie+Posters+Collection&page=8,16,4,00:00:05,0,0.00%,0.00%,$0.00
/catalog?f[institutional_collection_title_facet][]=Hamid+Naficy+Iranian+Movie+Posters+Collection&page=9,16,5,00:00:06,0,0.00%,0.00%,$0.00
/catalog?f[institutional_collection_title_facet][]=Justine+Cordwell+Collection&page=19&q=untitled,16,2,00:00:03,0,0.00%,0.00%,$0.00
"/catalog?f[institutional_collection_title_facet][]=University+Archives+Postcards&per_page=50&sort=title_dil+asc,+date_dil+asc",16,1,00:01:49,0,0.00%,0.00%,$0.00
/catalog?utf8=✓&q=Hamid+Naficy+Iranian+Movies+Poster+Collection,16,1,00:00:04,0,0.00%,0.00%,$0.00
/multiresimages/inu:dil-0f38d1e0-cd32-439e-a595-d549ccf8a5d4,16,13,00:00:17,5,100.00%,37.50%,$0.00
/multiresimages/inu:dil-3445399c-11d1-4d22-a186-bf64e44ec4d4,16,13,00:00:41,2,0.00%,6.25%,$0.00
/multiresimages/inu:dil-40e16e35-28ef-4b3c-860b-8a465c3d93f6,16,10,00:01:22,5,20.00%,31.25%,$0.00
/multiresimages/inu:dil-462cff28-aed8-492f-9cb3-aa1e3195c030,16,16,00:00:11,7,100.00%,50.00%,$0.00
/multiresimages/inu:dil-686d2fcc-fb13-4d3d-b0e5-afc9a899ab8a,16,15,00:00:37,0,0.00%,0.00%,$0.00
/multiresimages/inu:dil-acdabe1e-9c78-4351-b4e5-221aaaa3a24b,16,15,00:01:04,0,0.00%,6.25%,$0.00
/multiresimages/inu:dil-c0ca8563-c5f0-4394-a97c-ae2e3daef1a8,16,15,00:00:20,1,100.00%,12.50%,$0.00
/multiresimages/inu:dil-d5b29221-c25f-423f-8371-4e422e90bc1d,16,16,00:00:09,6,100.00%,37.50%,$0.00
/multiresimages/inu:dil-d6d2640c-2a89-450f-acad-19e9f9182b12,16,14,00:02:22,3,66.67%,18.75%,$0.00
/multiresimages/inu:dil-fdfcbb18-e82c-421b-9bc3-299e75832594,16,14,00:00:09,0,0.00%,0.00%,$0.00
"/catalog?_=1497918791373&f[date_display_facet][]=Date&page=2&per_page=20&q=Bronze&sort=title_dil+asc,+date_dil+asc",15,1,00:00:03,0,0.00%,0.00%,$0.00
"/catalog?f[institutional_collection_title_facet][]=Ramón+Casas+sketchbooks&per_page=20&q=untitled&sort=title_dil+asc,+date_dil+asc",15,2,00:00:05,0,0.00%,0.00%,$0.00
/catalog?f[institutional_collection_title_facet][]=World+War+II+Poster+Collection+at+Northwestern+University+Library&page=5&per_page=100,15,14,00:00:29,0,0.00%,46.67%,$0.00
/catalog?page=4&q=pepsi,15,1,00:00:12,0,0.00%,0.00%,$0.00
/catalog?q=may+week+people,15,2,00:00:03,0,0.00%,0.00%,$0.00
/multiresimages/inu:dil-4481ed9c-cd51-4485-b5a3-92ba6e709ce1,15,13,00:01:32,2,50.00%,20.00%,$0.00
/multiresimages/inu:dil-c9095d8c-0cf8-4d43-a5fa-a8f236d12a96,15,12,00:00:35,7,85.71%,46.67%,$0.00
/multiresimages/inu:dil-ff451f84-d5d8-4e68-ba51-5da1103b4759,15,10,00:05:37,8,50.00%,40.00%,$0.00
/catalog?_=1499982451648&f[subject_term_facet][]=Pepsi&q=pepsi,14,1,00:00:06,0,0.00%,0.00%,$0.00
/catalog?f[institutional_collection_title_facet][]=Hamid+Naficy+Iranian+Movie+Posters+Collection&page=12,14,3,00:00:05,0,0.00%,0.00%,$0.00
/catalog?f[institutional_collection_title_facet][]=Ira Silverman Railroad Menu Collection,14,11,00:00:09,2,100.00%,21.43%,$0.00
/catalog?f[institutional_collection_title_facet][]=Justine+Cordwell+Collection&page=27&q=untitled,14,3,00:00:03,0,0.00%,0.00%,$0.00
/catalog?f[institutional_collection_title_facet][]=Justine+Cordwell+Collection&page=33&q=untitled,14,2,00:00:09,0,0.00%,0.00%,$0.00
"/catalog?f[institutional_collection_title_facet][]=La Caricature (1880-1893, 1899; Albert Robida, founding editor)",14,11,00:00:53,1,0.00%,7.14%,$0.00
"/catalog?f[institutional_collection_title_facet][]=World+War+II+Poster+Collection+at+Northwestern+University+Library&f[subject_term_facet][]=World+War,+1939-1945",14,9,00:00:33,1,0.00%,7.14%,$0.00
/catalog?page=2&q=pepsi,14,1,00:00:04,0,0.00%,0.00%,$0.00
/multiresimages/inu:dil-25ffce7b-c9db-428e-b312-8d57ecdefaf8,14,14,00:01:57,3,100.00%,21.43%,$0.00
/multiresimages/inu:dil-40b75022-4ee0-4ca0-93f1-10b1cb42be9e,14,13,00:00:33,13,92.31%,92.86%,$0.00
/multiresimages/inu:dil-4daf3fb6-7cd6-46c7-92f6-41211849eabc,14,14,00:00:08,3,100.00%,21.43%,$0.00
/multiresimages/inu:dil-96e6d167-5022-42e7-9de7-7f851a866f44,14,13,00:00:15,1,100.00%,28.57%,$0.00
/multiresimages/inu:dil-a43f806b-02a2-49a5-821b-d81962419324,14,12,00:00:40,10,80.00%,71.43%,$0.00
/multiresimages/inu:dil-a67ca728-6429-4ef2-afb4-5e5799970977,14,12,00:00:10,2,100.00%,21.43%,$0.00
/multiresimages/inu:dil-afdfa524-7efd-4101-8153-05124e1b4b27,14,10,00:03:11,3,33.33%,14.29%,$0.00
/multiresimages/inu:dil-b0ceeb10-95e5-4988-ad63-983772c5d860,14,12,00:00:27,0,0.00%,0.00%,$0.00
/multiresimages/inu:dil-cef7aeb5-f656-435b-b096-767a3ca5dcb3,14,14,00:01:46,2,50.00%,14.29%,$0.00
/multiresimages/inu:dil-d242ddfc-c1fd-4804-a403-68789b1821d6,14,12,00:00:14,0,0.00%,0.00%,$0.00
/multiresimages/inu:dil-f67e5998-25a2-4bdb-907d-1f974d90be9f,14,14,00:00:22,1,0.00%,0.00%,$0.00
/multiresimages/inu:dil-fdf8cd32-ed2f-448d-b9dc-db207138ca59,14,10,00:00:14,0,0.00%,14.29%,$0.00
/catalog?f[institutional_collection_title_facet][]=Alexander+Hesler+Photograph+Collection&page=43&per_page=20,13,1,00:00:04,0,0.00%,0.00%,$0.00
"/catalog?f[institutional_collection_title_facet][]=Alexander+Hesler+Photograph+Collection&page=48&per_page=20&sort=title_dil+asc,+date_dil+asc",13,1,00:00:03,0,0.00%,0.00%,$0.00
"/catalog?page=2&q=Roberts,+John+S.+;+dedication",13,1,00:00:03,0,0.00%,0.00%,$0.00
/catalog?utf8=✓&q=11813+roster,13,4,00:01:22,0,0.00%,0.00%,$0.00
/catalog?utf8=✓&q=Illionis—Evanston+,13,1,00:00:03,0,0.00%,0.00%,$0.00
/multiresimages/inu:dil-1b4afd1d-3ca3-43a7-bbe5-8ba6a0b73365,13,13,00:00:08,0,0.00%,7.69%,$0.00
/multiresimages/inu:dil-23b3328f-907b-4d00-bb35-928ab4d99735,13,11,00:00:40,4,75.00%,38.46%,$0.00
/multiresimages/inu:dil-36452d38-64eb-4b89-9577-2a8831df577e,13,10,00:01:46,1,0.00%,23.08%,$0.00
/multiresimages/inu:dil-4e6d5b33-ca42-4ede-9db5-6fd33df307e1,13,12,00:00:10,0,0.00%,7.69%,$0.00
/multiresimages/inu:dil-612a23e9-155d-4cff-bd2b-1cfaa6259c5a,13,11,00:00:34,2,50.00%,23.08%,$0.00
/multiresimages/inu:dil-62ecbcb9-343c-4966-9e2f-2d209142f146,13,13,00:00:05,0,0.00%,15.38%,$0.00
/multiresimages/inu:dil-85080ac8-2cdd-455c-a449-994caba1d9ec,13,5,00:02:46,0,0.00%,0.00%,$0.00
/multiresimages/inu:dil-c8481660-5f10-47b1-a575-c29752fbc90e,13,12,00:00:29,0,0.00%,0.00%,$0.00
"/catalog?f[institutional_collection_title_facet][]=WPA Digital Collection, 1935-1943",12,9,00:00:06,0,0.00%,0.00%,$0.00
/catalog?page=4&q=11813,12,7,00:00:48,0,0.00%,0.00%,$0.00
/catalog?utf8=✓&q=Illionis,12,1,00:00:03,0,0.00%,0.00%,$0.00
/multiresimages/inu:dil-1b3ec35d-7a56-4621-8554-35098e892593,12,12,00:00:16,0,0.00%,8.33%,$0.00
/multiresimages/inu:dil-62cf189c-e18f-4a54-ae24-76f53246712c,12,7,00:00:17,0,0.00%,25.00%,$0.00
/multiresimages/inu:dil-b49c918b-d945-4905-ba63-f668157885e2,12,12,00:00:26,5,100.00%,50.00%,$0.00
/multiresimages/inu:dil-d12967cc-331e-4136-9a5a-e1a9653626c9,12,10,00:01:02,1,100.00%,16.67%,$0.00
/multiresimages/inu:dil-ed455569-09c5-4592-8756-7d53bb160b0c,12,11,00:00:29,7,85.71%,66.67%,$0.00
/multiresimages/inu:dil-fa69d030-5193-42ed-85e1-cc22f70857f0,12,11,00:01:10,1,100.00%,8.33%,$0.00
/multiresimages/inu:dil-fa9757fd-2a15-480b-9166-5dffa5dfbe1b,12,11,00:00:12,1,100.00%,8.33%,$0.00
"/catalog?f[institutional_collection_title_facet][]=Department of Art History, Study Photographs Collection",11,9,00:00:09,0,0.00%,0.00%,$0.00
/catalog?f[institutional_collection_title_facet][]=Justine+Cordwell+Collection&page=29&q=untitled,11,2,00:00:04,0,0.00%,0.00%,$0.00
/catalog?page=2&q=Illionis,11,1,00:00:03,0,0.00%,0.00%,$0.00
/catalog?q=pepsi,11,1,00:00:04,0,0.00%,0.00%,$0.00
/catalog?utf8=✓,11,9,00:00:59,0,0.00%,18.18%,$0.00
/catalog?utf8=✓&f[institutional_collection_title_facet][]=Justine+Cordwell+Collection&q=bank,11,2,00:00:02,0,0.00%,9.09%,$0.00
/catalog?utf8=✓&f[institutional_collection_title_facet][]=Ramón+Casas+sketchbooks&q=untitled,11,4,00:00:06,0,0.00%,0.00%,$0.00
/catalog?utf8=✓&per_page=50&q=11813,11,8,00:03:45,2,50.00%,36.36%,$0.00
/catalog?utf8=✓&q=elder+hall,11,1,00:00:02,0,0.00%,0.00%,$0.00
/institutional_collections/inu:dil-1c316726-ebfe-498e-a9ef-af61795ce110,11,10,00:00:10,0,0.00%,9.09%,$0.00
/multiresimages/inu:dil-09a6ba06-9056-4292-9a36-47b4b836414a,11,9,00:00:14,3,66.67%,18.18%,$0.00
/multiresimages/inu:dil-1dd5e09e-1c87-4f55-bd8b-6ec4d151cffe,11,11,00:00:12,0,0.00%,0.00%,$0.00
/multiresimages/inu:dil-2e665c50-bc1b-443c-8879-831591a751ec,11,9,00:05:51,3,33.33%,18.18%,$0.00
/multiresimages/inu:dil-356cd140-0ef0-4695-90db-052d542a9dc2,11,11,00:00:25,0,0.00%,9.09%,$0.00
/multiresimages/inu:dil-3c1c1e2a-2201-4df2-a75c-df8ca8e1c6a4,11,11,00:02:07,5,80.00%,36.36%,$0.00
/multiresimages/inu:dil-4353e466-af44-498b-9d1a-6650c4d6987d,11,5,00:01:28,0,0.00%,27.27%,$0.00
/multiresimages/inu:dil-57437d05-cc0d-43a0-82ba-98dfca1c805a,11,10,00:04:34,9,77.78%,72.73%,$0.00
/multiresimages/inu:dil-6a8374e3-6160-4c45-9b6c-9b66583bf386,11,10,00:00:09,0,0.00%,9.09%,$0.00
/multiresimages/inu:dil-80dba9a1-7455-4eae-ac01-1ad61da25fee,11,10,00:00:17,1,0.00%,0.00%,$0.00
/multiresimages/inu:dil-90706cf6-4197-4aef-b782-537137f2e568,11,9,00:00:14,3,100.00%,27.27%,$0.00
/multiresimages/inu:dil-a629a291-a658-43b9-8734-f0a3e1a682cf,11,9,00:01:03,2,100.00%,54.55%,$0.00
/multiresimages/inu:dil-acb30ca4-bda1-4521-9585-7f9a6209c530,11,9,00:00:44,2,50.00%,18.18%,$0.00
/multiresimages/inu:dil-d8d32f0f-0fe8-46e0-9eb1-92714da2268f,11,3,00:03:27,1,0.00%,27.27%,$0.00
/multiresimages/inu:dil-ee5259ae-94c9-4352-8976-0bdad2a6778e,11,10,00:00:20,3,100.00%,27.27%,$0.00
/multiresimages/inu:dil-fe9f38bb-c9d6-4409-bd35-f234c4491844,11,11,00:00:23,1,100.00%,9.09%,$0.00
/catalog?f[institutional_collection_title_facet][]=Hamid+Naficy+Iranian+Movie+Posters+Collection&page=26,10,6,00:00:21,0,0.00%,10.00%,$0.00
/catalog?f[institutional_collection_title_facet][]=Justine+Cordwell+Collection&page=22&q=untitled,10,3,00:00:04,0,0.00%,0.00%,$0.00
/catalog?f[institutional_collection_title_facet][]=Photographs+of+Zanzibar&page=2,10,3,00:00:10,0,0.00%,0.00%,$0.00
"/catalog?f[institutional_collection_title_facet][]=Ramón+Casas+sketchbooks&page=4&per_page=20&q=untitled&sort=title_dil+asc,+date_dil+asc",10,2,00:00:05,0,0.00%,0.00%,$0.00
"/catalog?f[institutional_collection_title_facet][]=Une cité moderne : dessins, by Rob Mallet-Stevens",10,9,00:00:21,1,0.00%,0.00%,$0.00
/catalog?utf8=✓&f[institutional_collection_title_facet][]=Justine+Cordwell+Collection&q=Cowries,10,1,00:00:09,0,0.00%,0.00%,$0.00
/multiresimages/inu:dil-006c72b8-f06d-4169-b0c9-c2fc3007e5ca,10,9,00:00:12,1,100.00%,10.00%,$0.00
/multiresimages/inu:dil-0196559a-8812-4ef6-9d99-93c06e20d235,10,10,00:00:43,2,50.00%,20.00%,$0.00
/multiresimages/inu:dil-0282d4bb-95b2-48be-a80f-813296b860ec,10,9,00:01:31,3,66.67%,20.00%,$0.00
/multiresimages/inu:dil-16781a88-867d-43ed-8935-bcc6f112dccf,10,9,00:00:15,0,0.00%,0.00%,$0.00
/multiresimages/inu:dil-18d3040f-97d8-4003-a322-fe061aba2209,10,9,00:00:24,1,0.00%,10.00%,$0.00
/multiresimages/inu:dil-2fdd5280-4651-4efc-9120-9ef3c39b414d,10,7,00:00:45,2,0.00%,10.00%,$0.00
/multiresimages/inu:dil-35b1ee6c-b4e4-42b4-9d8c-2e40f57ca8ec,10,4,00:00:25,2,50.00%,20.00%,$0.00
/multiresimages/inu:dil-3eb57904-65e1-4d8a-b6d6-8a8a8d425f6c,10,9,00:00:24,2,100.00%,30.00%,$0.00
/multiresimages/inu:dil-400e6cbc-19cc-4394-a944-cd1fdeebc15d,10,10,00:00:06,0,0.00%,0.00%,$0.00
/multiresimages/inu:dil-47eae64b-a8cc-4f28-94cb-6421153fc92d,10,8,00:00:36,1,100.00%,20.00%,$0.00
/multiresimages/inu:dil-5065bd1c-0d31-435a-ba60-853b0e3caeff,10,9,00:09:50,9,88.89%,90.00%,$0.00
/multiresimages/inu:dil-7539c617-2529-41a7-a1c5-b4e2116da313,10,5,00:07:44,0,0.00%,0.00%,$0.00
/multiresimages/inu:dil-8d229963-641f-4342-9304-69c43cd139f9,10,2,00:00:18,0,0.00%,0.00%,$0.00
/multiresimages/inu:dil-9d35d0ba-a84b-4e0a-99e6-9c6b548a46db,10,8,00:00:14,3,66.67%,30.00%,$0.00
/multiresimages/inu:dil-a098bb73-a923-4691-8a03-477952f59bb4,10,6,00:00:59,0,0.00%,10.00%,$0.00
/multiresimages/inu:dil-b09901ff-8e1a-4f7b-b167-78b87e2bec43,10,10,00:02:37,2,0.00%,10.00%,$0.00
/multiresimages/inu:dil-b64d2849-6d03-41b5-83f4-da5917bbd9e3,10,9,00:00:10,9,88.89%,90.00%,$0.00
/multiresimages/inu:dil-d377b1f5-eea3-4683-a510-4c28fda603cc,10,6,00:03:26,2,50.00%,20.00%,$0.00
/multiresimages/inu:dil-f8670d9d-1769-4b65-97c2-16f74b2fca57,10,9,00:00:08,0,0.00%,0.00%,$0.00
"/catalog?_=1501008459859&f[agent_name_facet][]=Roberts,+James+S.&f[subject_term_facet][]=Advertising&f[subject_term_facet][]=n&q=roberts",9,1,00:00:03,0,0.00%,0.00%,$0.00
/catalog?f[institutional_collection_title_facet][]=Depictions of Africa in French humour magazines,9,8,00:00:11,0,0.00%,0.00%,$0.00
/catalog?f[institutional_collection_title_facet][]=Hamid+Naficy+Iranian+Movie+Posters+Collection&utf8=✓,9,5,00:02:14,1,100.00%,22.22%,$0.00
/catalog?f[institutional_collection_title_facet][]=Justine+Cordwell+Collection&page=23&q=untitled,9,3,00:00:05,0,0.00%,0.00%,$0.00
/catalog?f[institutional_collection_title_facet][]=Justine+Cordwell+Collection&page=30&q=untitled,9,1,00:00:03,0,0.00%,0.00%,$0.00
"/catalog?f[institutional_collection_title_facet][]=World+War+II+Poster+Collection+at+Northwestern+University+Library&f[subject_term_facet][]=World+War,+1939-1945&page=2",9,3,00:00:10,0,0.00%,0.00%,$0.00
"/catalog?f[institutional_collection_title_facet][]=World+War+II+Poster+Collection+at+Northwestern+University+Library&f[subject_term_facet][]=World+War,+1939-1945&page=35",9,1,00:00:07,0,0.00%,0.00%,$0.00
"/catalog?f[institutional_collection_title_facet][]=World+War+II+Poster+Collection+at+Northwestern+University+Library&f[subject_term_facet][]=World+War,+1939-1945&page=39",9,1,00:00:07,0,0.00%,0.00%,$0.00
/catalog?page=2&q=elder+hall,9,1,00:00:02,0,0.00%,0.00%,$0.00
/catalog?utf8=✓&q=11813+thanksgiving,9,1,00:00:19,1,0.00%,0.00%,$0.00
/catalog?utf8=✓&q=reception+committee+ribbon,9,2,00:01:01,1,0.00%,0.00%,$0.00
/multiresimages/inu:dil-01632a55-9e7f-4226-a6cb-37656af646e0,9,4,00:00:15,2,0.00%,11.11%,$0.00
/multiresimages/inu:dil-026c237b-6aa8-4c9b-8ffe-759c2e8de329,9,8,00:00:08,0,0.00%,0.00%,$0.00
/multiresimages/inu:dil-20b2624a-d4bb-4985-8b1b-8941a763cec8,9,9,00:01:48,5,80.00%,44.44%,$0.00
/multiresimages/inu:dil-284e2a4b-5dda-4f61-9e6e-973da167a908,9,8,00:00:12,3,100.00%,44.44%,$0.00
/multiresimages/inu:dil-35bad3af-e258-4096-bad3-9188652b5f11,9,9,00:00:39,1,0.00%,22.22%,$0.00
/multiresimages/inu:dil-3d56e007-b229-4822-ad1d-7997be9a60f0,9,5,00:02:23,3,66.67%,33.33%,$0.00
/multiresimages/inu:dil-46951aaf-c6ff-4f5e-9602-1c8fe702b382,9,6,00:01:55,1,0.00%,11.11%,$0.00
/multiresimages/inu:dil-4ba06fa0-4904-4a4b-93f7-c50286282731,9,9,00:01:57,5,80.00%,44.44%,$0.00
/multiresimages/inu:dil-510d142f-b4a0-4fed-84f5-08bc9fc85aa2,9,9,00:00:26,7,100.00%,77.78%,$0.00
/multiresimages/inu:dil-51ff6c61-ad61-4b66-8207-95f7cac4848b,9,9,00:00:05,0,0.00%,0.00%,$0.00
/multiresimages/inu:dil-579ecc39-6a58-44b4-b20b-6dcc60e7d526,9,8,00:00:14,1,100.00%,11.11%,$0.00
/multiresimages/inu:dil-5c9fe7e0-fcc1-43d1-9f13-ec97fb1f3dca,9,9,00:00:17,4,100.00%,55.56%,$0.00
/multiresimages/inu:dil-74caf432-463b-4664-9abe-b6df9ed6a2b1,9,6,00:00:49,0,0.00%,11.11%,$0.00
/multiresimages/inu:dil-7fa778ad-a30c-471f-8aea-943db5c54336,9,9,00:01:16,1,0.00%,0.00%,$0.00
/multiresimages/inu:dil-83bfb666-cf1c-4066-92d7-082bcb410866,9,6,00:01:53,0,0.00%,11.11%,$0.00
/multiresimages/inu:dil-8814a27f-7a36-464b-b192-72ba55ed48d8,9,9,00:00:30,0,0.00%,0.00%,$0.00
/multiresimages/inu:dil-990c3344-cadc-4ffe-a25e-865099388abc,9,6,00:01:38,0,0.00%,22.22%,$0.00
/multiresimages/inu:dil-9d4d9141-1516-4c26-944c-cc0abe2501bd,9,7,00:00:15,0,0.00%,11.11%,$0.00
/multiresimages/inu:dil-a11b4f75-7d00-45e6-a690-4a8dc13c8d07,9,9,00:00:07,1,100.00%,11.11%,$0.00
/multiresimages/inu:dil-a2a6f3f7-12c0-46d0-a8bb-5706a51aded1,9,8,00:01:27,0,0.00%,11.11%,$0.00
/multiresimages/inu:dil-a5b1515d-bfb7-472e-bda9-7873c277260e,9,6,00:03:51,1,0.00%,11.11%,$0.00
/multiresimages/inu:dil-abbb817d-d01b-4c39-b834-10847223e6ff,9,1,00:00:23,0,0.00%,0.00%,$0.00
/multiresimages/inu:dil-b0de617c-987a-4b79-a347-73e843cc07a7,9,8,00:00:20,1,100.00%,22.22%,$0.00
/multiresimages/inu:dil-d2f7e617-cde2-4759-a2d2-b9988cc27498,9,8,00:00:18,0,0.00%,0.00%,$0.00
/multiresimages/inu:dil-e370564c-304c-475c-80fb-9f0eec81c080,9,9,00:01:00,1,0.00%,11.11%,$0.00
/multiresimages/inu:dil-f0acb6c5-e3ed-4a42-bfbf-9f32b5fc45c4,9,8,00:01:48,2,50.00%,11.11%,$0.00
"/catalog?f[institutional_collection_title_facet][]=Kate and Lou. Souvenir of auto trip to San Francisco, 1915",8,5,00:03:15,0,0.00%,12.50%,$0.00
"/catalog?f[institutional_collection_title_facet][]=Ramón+Casas+sketchbooks&page=3&per_page=20&q=untitled&sort=title_dil+asc,+date_dil+asc",8,2,00:00:05,0,0.00%,0.00%,$0.00
"/catalog?f[institutional_collection_title_facet][]=World+War+II+Poster+Collection+at+Northwestern+University+Library&f[subject_term_facet][]=World+War,+1939-1945&page=3",8,4,00:00:13,0,0.00%,0.00%,$0.00
"/catalog?f[institutional_collection_title_facet][]=World+War+II+Poster+Collection+at+Northwestern+University+Library&f[subject_term_facet][]=World+War,+1939-1945&page=4",8,3,00:00:06,0,0.00%,0.00%,$0.00
"/catalog?f[institutional_collection_title_facet][]=World+War+II+Poster+Collection+at+Northwestern+University+Library&f[subject_term_facet][]=World+War,+1939-1945&page=6",8,3,00:00:07,0,0.00%,0.00%,$0.00
/catalog?f[institutional_collection_title_facet][]=World+War+II+Poster+Collection+at+Northwestern+University+Library&page=1&per_page=100,8,6,00:00:20,0,0.00%,12.50%,$0.00
/catalog?page=2&per_page=100&q=world+war+ii+poster,8,1,00:00:08,0,0.00%,0.00%,$0.00
/catalog?utf8=✓&q=11780,8,4,00:00:13,0,0.00%,0.00%,$0.00
/dil_collections/inu:dil-local-85cb14e2-16d1-43a0-9a4b-14d95041fc16,8,1,00:00:23,0,0.00%,0.00%,$0.00
/dil_collections/inu:dil-local-91bc6d24-4da2-4109-b8c8-c4d9d47591bb,8,6,00:01:15,1,0.00%,0.00%,$0.00
/dil_collections/inu:dil-local-cf9622a5-d9db-4f27-9a70-281efccde25a,8,4,00:00:25,0,0.00%,25.00%,$0.00
/institutional_collections/inu:dil-1c316726-ebfe-498e-a9ef-af61795ce110/add_images?q=11813,8,8,00:00:13,0,0.00%,0.00%,$0.00
/multiresimages/inu:dil-0c80402e-9445-4b4a-afa8-d2d8a52efe58,8,4,00:01:09,0,0.00%,0.00%,$0.00
/multiresimages/inu:dil-1c0b22b0-6b95-4113-b661-905eb9874d96,8,7,00:00:35,0,0.00%,25.00%,$0.00
/multiresimages/inu:dil-1cbef4be-d5be-4a80-bf7f-99479d31f275,8,1,00:00:48,0,0.00%,0.00%,$0.00
/multiresimages/inu:dil-1f7fbaf1-8759-4588-a68d-2a0e8594d19a,8,7,00:00:16,0,0.00%,12.50%,$0.00
/multiresimages/inu:dil-2e7d6cfc-5591-4a23-8e27-e41901c71771,8,4,00:00:37,0,0.00%,0.00%,$0.00
/multiresimages/inu:dil-3d3788cb-677e-4c9f-b21b-aeea040f7311,8,7,00:00:10,1,100.00%,12.50%,$0.00
/multiresimages/inu:dil-4cb4a73b-f588-492d-aa8c-48080cadc16b,8,7,00:00:10,0,0.00%,0.00%,$0.00
/multiresimages/inu:dil-658a40fa-db42-449a-aad8-a41eb758e803,8,8,00:00:05,1,0.00%,12.50%,$0.00
/multiresimages/inu:dil-7bb3fed8-4b90-422b-af72-0f524201b223,8,7,00:00:47,1,0.00%,0.00%,$0.00
/multiresimages/inu:dil-7f197e2b-588a-4331-bd15-9d9b0da60bbf,8,7,00:00:19,0,0.00%,0.00%,$0.00
/multiresimages/inu:dil-80c12ff5-05ec-424e-8db8-26309e5db849,8,6,00:01:40,4,50.00%,50.00%,$0.00
/multiresimages/inu:dil-82a52f9b-ac0d-4446-96b9-24f9ed75f2c9,8,8,00:00:08,0,0.00%,0.00%,$0.00
/multiresimages/inu:dil-90b5b54c-fa65-434a-8f65-cb664c03cb8a,8,8,00:00:24,0,0.00%,25.00%,$0.00
/multiresimages/inu:dil-964c0e55-14af-42ae-88be-9be3bac0bd95,8,5,00:00:13,1,100.00%,25.00%,$0.00
/multiresimages/inu:dil-98b5ce1f-2c54-418f-a81b-f6ff0d975573,8,5,00:00:38,0,0.00%,0.00%,$0.00
/multiresimages/inu:dil-9c062088-f0a2-46bb-8ac3-a87ba5196a8b,8,6,00:00:36,0,0.00%,12.50%,$0.00
/multiresimages/inu:dil-a205de06-878b-4c03-9e4f-4eb4cbaafd3d,8,8,00:00:34,0,0.00%,0.00%,$0.00
/multiresimages/inu:dil-a4b4cf0a-dd88-445c-b9d6-a1656d04a603,8,6,00:05:05,6,66.67%,75.00%,$0.00
/multiresimages/inu:dil-a8aa25e5-89f3-4c1c-91aa-5d5107d29c78,8,8,00:00:03,3,100.00%,37.50%,$0.00
/multiresimages/inu:dil-c00fd676-9292-41bd-b4b9-ffc901f2b6c1,8,7,00:00:17,4,75.00%,87.50%,$0.00
/multiresimages/inu:dil-cd5f1d60-9e2a-4294-a566-399f457b28b6,8,7,00:00:16,7,85.71%,87.50%,$0.00
/multiresimages/inu:dil-e42f63ec-a46a-49ab-9afb-5c697527946d,8,7,00:00:59,3,66.67%,50.00%,$0.00
/multiresimages/inu:dil-e75440ad-fe21-4226-b284-6e09c81b4429,8,6,00:01:04,3,100.00%,37.50%,$0.00
/multiresimages/inu:dil-eca7d4a0-fd69-4ac7-bb38-2f29d7b0db2b,8,5,00:00:24,0,0.00%,0.00%,$0.00
/multiresimages/inu:dil-f1ed7123-b9ee-4150-b777-520eb03191cb,8,8,00:00:08,1,100.00%,37.50%,$0.00
/multiresimages/inu:dil-f8dd9368-259c-46c7-b085-d36e5537457a,8,8,00:00:06,2,100.00%,25.00%,$0.00
/multiresimages/inu:dil-f90f2b8a-772d-4a96-9005-8ba1bc69e3ff,8,8,00:00:24,0,0.00%,0.00%,$0.00
/multiresimages/inu:dil-fc07227f-830c-489a-9a5f-109ed0e07da1,8,8,00:00:09,0,0.00%,0.00%,$0.00
/catalog?_=1496630261406&f[institutional_collection_title_facet][]=World+War+II+Poster+Collection+at+Northwestern+University+Library&f[subject_term_facet][]=Food+conservation&f[subject_term_facet][]=Canning/Rationing,7,1,00:00:07,0,0.00%,0.00%,$0.00
"/catalog?_=1497041877123&f[agent_name_facet][]=Aalto,+Aino+Marsio+(Finnish+architect,+1894-1949)&f[institutional_collection_title_facet][]=Digital+Image+Library&sort=agent_dil+asc,+title_dil+asc",7,2,00:00:34,1,0.00%,14.29%,$0.00
/catalog?_=1499878086789&f[institutional_collection_title_facet][]=Digital+Image+Library,7,6,00:07:11,0,0.00%,57.14%,$0.00
/catalog?f[agent_name_facet][]=United+States.+Office+of+War+Information&f[institutional_collection_title_facet][]=World+War+II+Poster+Collection+at+Northwestern+University+Library,7,6,00:00:13,1,100.00%,42.86%,$0.00
"/catalog?f[institutional_collection_title_facet][]=16th-Early+20th+Century+Maps+of+Africa&page=1&sort=date_dil+desc,+title_dil+asc",7,1,00:00:11,0,0.00%,0.00%,$0.00
/catalog?f[institutional_collection_title_facet][]=Hamid+Naficy+Iranian+Movie+Posters+Collection&per_page=100,7,7,00:00:44,2,50.00%,28.57%,$0.00
/catalog?f[institutional_collection_title_facet][]=Justine+Cordwell+Collection&page=35&q=untitled,7,1,00:00:02,0,0.00%,0.00%,$0.00
/catalog?f[institutional_collection_title_facet][]=United+States+Army+Base+Hospital+Number+12+World+War+I+and+II+Records&page=4,7,3,00:00:29,1,0.00%,28.57%,$0.00
/catalog?f[institutional_collection_title_facet][]=Vernon+McKay+Photographs&per_page=100,7,4,00:00:34,0,0.00%,0.00%,$0.00
/catalog?f[institutional_collection_title_facet][]=World+War+II+Poster+Collection+at+Northwestern+University+Library&f[subject_term_facet][]=Defense+work&page=2,7,2,00:00:04,0,0.00%,0.00%,$0.00
/catalog?f[institutional_collection_title_facet][]=World+War+II+Poster+Collection+at+Northwestern+University+Library&f[subject_term_facet][]=Defense+work&page=3,7,1,00:00:03,0,0.00%,14.29%,$0.00
"/catalog?f[institutional_collection_title_facet][]=World+War+II+Poster+Collection+at+Northwestern+University+Library&f[subject_term_facet][]=World+War,+1939-1945&page=31",7,1,00:00:07,0,0.00%,0.00%,$0.00
"/catalog?f[institutional_collection_title_facet][]=World+War+II+Poster+Collection+at+Northwestern+University+Library&f[subject_term_facet][]=World+War,+1939-1945&page=5",7,3,00:00:04,0,0.00%,0.00%,$0.00
"/catalog?f[institutional_collection_title_facet][]=World+War+II+Poster+Collection+at+Northwestern+University+Library&f[subject_term_facet][]=World+War,+1939-1945&page=8",7,2,00:00:07,0,0.00%,0.00%,$0.00
"/catalog?f[institutional_collection_title_facet][]=World+War+II+Poster+Collection+at+Northwestern+University+Library&f[subject_term_facet][]=World+War,+1939-1945&page=9",7,2,00:00:08,0,0.00%,0.00%,$0.00
"/catalog?f[stylePeriod_facet][]=Orissa&f[subject_term_facet][]=Bhauma-Kara+dynasty,+approximately+736-945&f[worktype_facet][]=Architecture",7,3,00:03:16,3,33.33%,42.86%,$0.00
/catalog?page=3&q=11813,7,4,00:00:06,0,0.00%,0.00%,$0.00
/catalog?page=5&q=pepsi,7,1,00:00:02,0,0.00%,14.29%,$0.00
/catalog?utf8=✓&q=,7,7,00:00:28,0,0.00%,28.57%,$0.00
/catalog?utf8=✓&q=11788,7,4,00:00:52,0,0.00%,0.00%,$0.00
/catalog?utf8=✓&q=alpha+tau+omega,7,1,00:00:03,0,0.00%,0.00%,$0.00
/catalog?utf8=✓&q=inu:dil-050ff516-d00f-49aa-a4ce-e3fc4c603ec5,7,4,00:00:11,0,0.00%,14.29%,$0.00
/catalog?utf8=✓&q=untitled,7,4,00:00:13,0,0.00%,0.00%,$0.00
/institutional_collections/inu:dil-1c08f48a-ba2d-45ea-af0b-c9fc71b06198,7,6,00:00:21,0,0.00%,0.00%,$0.00
/multiresimages/inu:dil-04604335-7a45-4ff9-a14e-c68554977ed4,7,6,00:03:46,1,100.00%,28.57%,$0.00
/multiresimages/inu:dil-04ce7992-a7b5-449f-a6e6-4f26fbf2adac,7,6,00:01:07,2,50.00%,28.57%,$0.00
/multiresimages/inu:dil-146f8b37-1909-4a58-95e2-719bcf85f29f,7,5,00:00:36,2,0.00%,0.00%,$0.00
/multiresimages/inu:dil-1e799862-55eb-4117-8f38-2e696ab72613,7,5,00:03:08,1,0.00%,28.57%,$0.00
/multiresimages/inu:dil-1f48447d-1aab-401d-89c9-f840f4efdbc4,7,6,00:00:24,0,0.00%,0.00%,$0.00
/multiresimages/inu:dil-21c3e2ab-173d-4a0d-b28a-5df9bb302d21,7,3,00:00:46,1,0.00%,0.00%,$0.00
/multiresimages/inu:dil-2212b4ee-6010-4b50-9fb0-7f0917400b79,7,7,00:00:17,0,0.00%,0.00%,$0.00
/multiresimages/inu:dil-23cee5f8-d172-4111-9012-f3747bf89873,7,7,00:00:09,0,0.00%,0.00%,$0.00
/multiresimages/inu:dil-247c77a4-c3c0-4e51-a84f-5978521d3805,7,7,00:00:10,0,0.00%,0.00%,$0.00
/multiresimages/inu:dil-28b44bac-209d-42e1-9fa3-84fc9b0174e6,7,6,00:00:19,2,100.00%,28.57%,$0.00
/multiresimages/inu:dil-3533d9de-1ea7-4a6a-9aef-f7da9769d489,7,6,00:00:46,2,100.00%,42.86%,$0.00
/multiresimages/inu:dil-472ddbdf-b3e8-42b7-99d3-2d2be0e07e53,7,7,00:01:19,0,0.00%,0.00%,$0.00
/multiresimages/inu:dil-48954be8-72be-49ab-8333-59bde5bf4a98,7,5,00:00:22,0,0.00%,28.57%,$0.00
/multiresimages/inu:dil-5a5cbf64-f034-4eaf-b102-16317e7f35ee,7,4,00:00:17,0,0.00%,0.00%,$0.00
/multiresimages/inu:dil-5dcce642-5bd6-4152-b480-1697063fa1d5,7,5,00:00:22,0,0.00%,0.00%,$0.00
/multiresimages/inu:dil-6e4c0833-5f1e-4d10-b4a2-5300164819e9,7,6,00:00:30,0,0.00%,0.00%,$0.00
/multiresimages/inu:dil-7b5ef35b-2c81-4cf2-bc90-42ba199941f2,7,7,00:00:12,0,0.00%,0.00%,$0.00
/multiresimages/inu:dil-7bdefff6-c63a-4ed8-a61e-729217c2e0f7,7,5,00:04:04,3,66.67%,28.57%,$0.00
/multiresimages/inu:dil-8690cb13-dcc3-4e8b-bf53-af818d8ad078,7,7,00:00:00,7,100.00%,100.00%,$0.00
/multiresimages/inu:dil-894709c7-6f1e-4c4a-aad7-7e4f482f0c70,7,7,00:00:08,1,0.00%,14.29%,$0.00
/multiresimages/inu:dil-922ad839-1b3e-4ea3-9d5e-2e745b9259f1,7,5,00:02:39,5,60.00%,71.43%,$0.00
/multiresimages/inu:dil-97b7a1c2-4641-40b7-af72-aa612920bf29,7,6,00:02:53,6,83.33%,85.71%,$0.00
/multiresimages/inu:dil-a50204b0-d33f-4531-b46d-1680dd183117,7,7,00:00:08,1,100.00%,14.29%,$0.00
/multiresimages/inu:dil-a6c5483e-3a1e-48aa-bf2b-b73d008e9a4d,7,7,00:00:00,7,100.00%,100.00%,$0.00
/multiresimages/inu:dil-b800f3ef-a1ea-478b-a6b4-0a199191f6e0,7,7,00:00:04,0,0.00%,0.00%,$0.00
/multiresimages/inu:dil-b9fdd430-10dc-4729-bd64-968c151eccd9,7,6,00:00:11,0,0.00%,0.00%,$0.00
/multiresimages/inu:dil-ba769be8-ba8c-4661-abb4-b28e4f118918,7,6,00:00:26,1,100.00%,28.57%,$0.00
/multiresimages/inu:dil-bf260246-a248-4600-8b68-ef8c62218872,7,6,00:00:18,0,0.00%,0.00%,$0.00
/multiresimages/inu:dil-ca604a87-3606-41e8-abf8-4d52e19d8768,7,7,00:00:06,1,100.00%,28.57%,$0.00
/multiresimages/inu:dil-cbf1110f-f98b-4b19-8616-9358041fd481,7,5,00:00:25,0,0.00%,0.00%,$0.00
/multiresimages/inu:dil-e12b54ec-96a5-4d1d-b9b0-b2bd0c032d6b,7,7,00:00:16,0,0.00%,0.00%,$0.00
/multiresimages/inu:dil-e9208828-4e34-4920-9d43-835584972b68,7,6,00:00:15,5,80.00%,71.43%,$0.00
/multiresimages/inu:dil-fb335428-b424-4d32-a75d-43c48b4f2e78,7,5,00:00:34,0,0.00%,0.00%,$0.00
/multiresimages/inu:dil-fc7aff6d-133d-40f3-a43f-936425873c32,7,6,00:01:01,1,100.00%,14.29%,$0.00
/catalog?_=1497918791373&f[date_display_facet][]=Date&page=15,6,3,00:00:07,0,0.00%,0.00%,$0.00
"/catalog?_=1498762911173&f[agent_name_facet][]=Chanel,+Coco+(French+fashion+designer,+1883-1971)&f[institutional_collection_title_facet][]=Digital+Image+Library",6,6,00:00:21,3,0.00%,33.33%,$0.00
"/catalog?_=1498762911173&f[agent_name_facet][]=Chanel,+Coco+(French+fashion+designer,+1883-1971)&f[institutional_collection_title_facet][]=Digital+Image+Library&page=3&per_page=20",6,1,00:00:07,0,0.00%,0.00%,$0.00
"/catalog?_=1501008650149&f[agent_name_facet][]=Roberts,+James+S.&facet.sort=index&q=roberts",6,1,00:00:24,0,0.00%,0.00%,$0.00
"/catalog?f[institutional_collection_title_facet][]=Alexander+Hesler+Photograph+Collection&page=40&per_page=20&sort=title_dil+asc,+date_dil+asc",6,1,00:00:04,0,0.00%,0.00%,$0.00
"/catalog?f[institutional_collection_title_facet][]=Jim+Roberts+Photographs,+1968-1972&page=3",6,4,00:00:05,0,0.00%,0.00%,$0.00
"/catalog?f[institutional_collection_title_facet][]=Jim+Roberts+Photographs,+1968-1972&page=4",6,5,00:00:04,0,0.00%,0.00%,$0.00
/catalog?f[institutional_collection_title_facet][]=Justine+Cordwell+Collection&page=28&q=untitled,6,2,00:00:05,0,0.00%,0.00%,$0.00
/catalog?f[institutional_collection_title_facet][]=Ramón+Casas+sketchbooks&page=2,6,5,00:00:12,0,0.00%,0.00%,$0.00
/catalog?f[institutional_collection_title_facet][]=Ramón+Casas+sketchbooks&per_page=100,6,3,00:00:30,0,0.00%,50.00%,$0.00
/catalog?f[institutional_collection_title_facet][]=United+States+Army+Base+Hospital+Number+12+World+War+I+and+II+Records&page=2,6,4,00:00:19,0,0.00%,0.00%,$0.00
"/catalog?f[institutional_collection_title_facet][]=Vernon+McKay+Photographs&per_page=100&sort=date_dil+asc,+title_dil+asc",6,1,00:00:05,0,0.00%,0.00%,$0.00
"/catalog?f[institutional_collection_title_facet][]=World+War+II+Poster+Collection+at+Northwestern+University+Library&f[institutional_collection_unit_facet][]=Government+Information&f[subject_term_facet][]=War+posters,+American",6,1,00:00:10,1,0.00%,0.00%,$0.00
"/catalog?f[institutional_collection_title_facet][]=World+War+II+Poster+Collection+at+Northwestern+University+Library&f[subject_term_facet][]=World+War,+1939-1945&page=10",6,2,00:00:11,0,0.00%,0.00%,$0.00
"/catalog?f[institutional_collection_title_facet][]=World+War+II+Poster+Collection+at+Northwestern+University+Library&f[subject_term_facet][]=World+War,+1939-1945&page=11",6,2,00:00:28,0,0.00%,0.00%,$0.00
"/catalog?f[institutional_collection_title_facet][]=World+War+II+Poster+Collection+at+Northwestern+University+Library&f[subject_term_facet][]=World+War,+1939-1945&page=12",6,2,00:00:11,0,0.00%,0.00%,$0.00
"/catalog?f[institutional_collection_title_facet][]=World+War+II+Poster+Collection+at+Northwestern+University+Library&f[subject_term_facet][]=World+War,+1939-1945&page=13",6,2,00:00:05,0,0.00%,0.00%,$0.00
"/catalog?f[institutional_collection_title_facet][]=World+War+II+Poster+Collection+at+Northwestern+University+Library&f[subject_term_facet][]=World+War,+1939-1945&page=14",6,2,00:00:14,0,0.00%,0.00%,$0.00
